,domain,url,name,rating_count,rating_value,has_image,identifier_count,list_length,list_rows,table_length,table_rows,description_length,label
0,aliexpress,http://www.aliexpress.com/item/14-inch-Laptop-Dual-Core-Win-7-4GB-DDR3-RAM-640GB-HDD-Laptops-ultrabook-mini-laptop/32506039169.html?ws_ab_test=searchweb201556_1_79_78_77_80%2Csearchweb201644_5%2Csearchweb201560_9&_escaped_fragment_=,1,,,0,0,674,29,0,0,0.0,1
1,aliexpress,http://www.aliexpress.com/item/2014-Brand-New-14-inch-laptop-Russian-keyboard-Notebook-computer-4G-RAM-320G-HDD-1600-900/1999853717.html?_escaped_fragment_=,1,,,0,0,747,32,0,0,0.0,1
2,aliexpress,http://www.aliexpress.com/item/High-Original-Used-Laptop-Notebook-Computer-8440P-14-Inch-Cpu-I5-4GB-Rom-500GB-HDD-Webcam/32380560442.html?ws_ab_test=searchweb201556_6_79_78_77_80%2Csearchweb201644_5%2Csearchweb201560_9&_escaped_fragment_=,1,,,0,0,656,27,0,0,0.0,1
3,aliexpress,http://www.aliexpress.com/item/New-Arrivals-in-August-9-inch-android-Tablet-PC-E90X-AllWinner-A20-Dual-Core-1-5GHz/1363447364.html?ws_ab_test=searchweb201556_6_79_78_77_80%2Csearchweb201644_5%2Csearchweb201560_9&_escaped_fragment_=,1,,,0,0,770,23,0,0,0.0,1
4,aliexpress,http://www.aliexpress.com/item/14-inch-Laptop-Computer-Tablet-Russia-Keyboard-Windows-7-Dual-Core-2G-RAM-160G-HDD-Bluetooth/32480920152.html?ws_ab_test=searchweb201556_9_79_78_77_80%2Csearchweb201644_5%2Csearchweb201560_9&_escaped_fragment_=,1,,,0,0,744,31,0,0,0.0,1
5,aliexpress,http://www.aliexpress.com/item/Lenovo-15-6-i7-8GB-1TB-GTX860M-4GB-RAM-4K-DDR5-3840-2160-Tablet-Pc-Notebook/32281581541.html?ws_ab_test=searchweb201556_1_79_78_77_80%2Csearchweb201644_5%2Csearchweb201560_9&_escaped_fragment_=,1,,,0,0,791,33,0,0,0.0,1
6,aliexpress,http://www.aliexpress.com/item/New-14-1-inch-Metal-laptop-computer-Intel-D2600-1-86GHZ-2GB-250GB-WIFI-Windows7-laptop/32245056493.html?ws_ab_test=searchweb201556_1_79_78_77_80%2Csearchweb201644_5%2Csearchweb201560_9&_escaped_fragment_=,1,,,0,0,615,28,0,0,0.0,1
7,aliexpress,http://www.aliexpress.com/item/15-6Inch-Ulatrabook-Laptop-with-DVD-RW-4G-500GB-Optional-WIFI-Webcam-Bluetooth-Card-Reader-1080P/1865279427.html?ws_ab_test=searchweb201556_1_79_78_77_80%2Csearchweb201644_5%2Csearchweb201560_9&_escaped_fragment_=,1,,,0,0,651,26,0,0,0.0,1
8,aliexpress,http://www.aliexpress.com/item/9-7-inch-Onda-V919-3G-Air-Dual-Boot-Windows-10-Android-4-4-Tablet-PC/32536442465.html?ws_ab_test=searchweb201556_6_79_78_77_80%2Csearchweb201644_5%2Csearchweb201560_9&_escaped_fragment_=,1,,,0,0,791,24,0,0,0.0,1
9,aliexpress,http://www.aliexpress.com/item/u-disk-The-Star-wars-Movie-usb-flash-drive-2gb-4gb-8gb-16gb-32gb-flash-usb/32303111851.html?ws_ab_test=searchweb201556_2_79_78_77_80%2Csearchweb201644_5%2Csearchweb201560_9&_escaped_fragment_=,1,4480,4.8,0,0,529,18,0,0,0.0,1
10,aliexpress,http://www.aliexpress.com/item/Super-Maingear-laptop-i7-4700-2-5GHZ-1T-barebone-laptop-computer-super-gaming-laptop-notebook-GTX860/32259199966.html?ws_ab_test=searchweb201556_7_79_78_77_80%2Csearchweb201644_5%2Csearchweb201560_9&_escaped_fragment_=,1,,,0,0,639,27,0,0,0.0,1
11,aliexpress,http://www.aliexpress.com/item/New-13-3-inch-RK3188-quad-core-1-gb-16-gb-IPS-Gao-Qingbing-ultra-thin/32302679659.html?ws_ab_test=searchweb201556_9_79_78_77_80%2Csearchweb201644_5%2Csearchweb201560_9&_escaped_fragment_=,1,,,0,0,608,26,0,0,0.0,1
12,aliexpress,http://www.aliexpress.com/item/For-Polo-PROTAX-HD520-Digital-Camera-16MP-CMOS-Sensor-HD-720P-2-5-LTPS-LCD-Screen/32393863397.html?ws_ab_test=searchweb201556_9_79_78_77_80%2Csearchweb201644_5%2Csearchweb201560_9&_escaped_fragment_=,1,,,0,0,674,27,0,0,0.0,1
13,aliexpress,http://www.aliexpress.com/item/Laptop-Hasee-K350C-I7-D3-Intel-Core-i7-4710MQ-4GB-DDR3-500GB-HDD-NVIDIA-GTX765M-13/32412910403.html?ws_ab_test=searchweb201556_7_79_78_77_80%2Csearchweb201644_5%2Csearchweb201560_9&_escaped_fragment_=,1,,,0,0,556,26,0,0,0.0,1
14,aliexpress,http://www.aliexpress.com/item/DHL-FREE-CHEAP-Wholesale-14-inch-DVD-RW-aptop-1gb-160gb-computer-with-perfect-DH-enjoyment/1844422886.html?ws_ab_test=searchweb201556_1_79_78_77_80%2Csearchweb201644_5%2Csearchweb201560_9&_escaped_fragment_=,1,,,0,0,266,13,0,0,0.0,1
15,apple,http://www.apple.com/shop/product/HH4Q2ZM/B/twelve-south-hirise-deluxe-charging-stand-for-iphoneipad?fnode=8d&fs=f%3Dipadmini3%26fh%3D402f%252B43de,1,,4.0,1,0,0,0,0,0,1397.0,1
16,apple,http://www.apple.com/shop/product/HHV42LL/B/lutron-casta-wireless-in-wall-light-dimmer-with-remote?fnode=8f&fs=f%3Dlutron%26fh%3D4586%252B454a,1,,4.0,1,0,0,0,0,0,770.0,1
17,apple,http://www.apple.com/shop/product/HGJA2VC/A/bose-soundlink-color-bluetooth-speaker?fnode=93&fs=f%3Dred%26fh%3D458a%252B2ff2,1,,4.5,1,0,0,0,0,0,390.0,1
18,apple,http://www.apple.com/shop/product/MKQ32AM/A/beats-by-dr-dre-solo2-wireless-headphones-active-collection?fnode=93&fs=f%3Diphone5c%26fh%3D458a%252B3ea7,1,,3.5,1,0,0,0,0,0,2610.0,1
19,apple,http://www.apple.com/shop/product/HH002ZM/A/parrot-zik-20-bluetooth-headphones?fnode=93&fs=f%3Dwhite%26fh%3D458a%252B2ff3,1,,4.0,1,0,0,0,0,0,2386.0,1
20,apple,http://www.apple.com/shop/product/HHYG2LL/A/padcaster-mini-case-for-ipad-mini-generations-1-3?fnode=8e&fs=f%3Dipadmini2%26fh%3D4584%252B3fc4,1,,,1,0,0,0,0,0,1729.0,1
21,apple,http://www.apple.com/shop/product/HFFC2VC/A/ihome-idl46gc-lightning-dock-dual-charging-fm-stereo-clock-radio?fnode=93&fs=f%3Dihome%26fh%3D458a%252B32f9,1,,4.0,1,0,0,0,0,0,644.0,1
22,apple,http://www.apple.com/shop/product/HH1K2LL/B/ecobee3-smart-wi-fi-thermostat?fnode=8f,1,,5.0,1,0,0,0,0,0,2589.0,1
23,apple,http://www.apple.com/shop/product/HGDS2VC/A/bose-quietcomfort-25-acoustic-noise-cancelling-headphones?fnode=93&fs=f%3Diphone6splus%26fh%3D458a%252B468e,1,,5.0,1,0,0,0,0,0,1214.0,1
24,apple,http://www.apple.com/shop/product/HE873ZM/A/native-union-gripster-case-for-ipad-mini-with-retina-display?fnode=f62ebdfb837d8cf880c6d055f1afe4efd037334ca95e27e9dbcebc67bc940d4cd2381aef98466f6f071a8e77aadff85b7b21bcfd9bd65d07dfe5242249c6a28e3332d502e8f12725fa1d0fb7090dc37f603789c405d73e326c16d33da2b57d5fb550d65e299ba8101fd92a5d330970c6&fs=f%3Dnative_union%26fh%3D4583%252B3393,1,,4.5,1,0,0,0,0,0,607.0,1
25,apple,http://www.apple.com/shop/product/HF130ZM/A/blue-microphones-spark-digital-microphone-with-lightning-connector?fnode=93&fs=f%3Dmicrophone%26fh%3D458a%252B4611,1,,2.5,1,0,0,0,0,0,848.0,1
26,apple,http://www.apple.com/shop/product/HA780VC/A/philips-hue-connected-bulb-single-pack?fnode=8f&fs=f%3Dlighting%26fh%3D4586%252B460d,1,,4.0,1,0,0,0,0,0,678.0,1
27,apple,http://www.apple.com/shop/product/HHE02LL/A/jawbone-up2-activity-tracker?fnode=87&fs=f%3Dgrey%26fh%3D4585%252B2fec,1,,,1,0,0,0,0,0,1578.0,1
28,apple,http://www.apple.com/shop/product/HGH72ZM/A/ik-multimedia-iklip-xpand-mini-holder?fnode=8e&fs=f%3Dmount%26fh%3D4584%252B4613,1,,,1,0,0,0,0,0,1668.0,1
29,apple,http://www.apple.com/shop/product/MKQ12AM/A/beats-by-dr-dre-solo2-wireless-headphones-active-collection?fnode=8c&fs=f%3Dyellow%26fh%3D4582%252B2ff4,1,,,1,0,0,0,0,0,2610.0,1
30,bestbuy,http://www.bestbuy.com/site/sony-dualshock-4-wireless-controller-for-playstation-4-wave-blue/7011006.p?id=1219248516395&skuId=7011006&reviewsPage=1098,1,,4.8,1,1,613,11,0,0,1862.0,1
31,bestbuy,http://www.bestbuy.com/site/the-sims-4-windowsmac/1762763.p?id=1219063080537&skuId=1762763&reviewsPage=7,1,,4.4,1,0,613,11,0,0,1842.0,1
32,bestbuy,http://www.bestbuy.com/site/ghost-recon-advanced-warfighter-windows-digital-download/1000000185.p?id=1000000177&skuId=1000000185&st=1000000185&lp=1&cp=1&CMP=ocss_g,1,,,1,0,613,11,0,0,869.0,1
33,bestbuy,http://www.bestbuy.com/site/sony-playstation-plus-12-month-membership/1299015.p?id=1219484418517&skuId=1299015&reviewsPage=6,1,,4.8,1,1,613,11,0,0,846.0,1
34,bestbuy,http://www.bestbuy.com/site/love-actually-blu-ray-disc/9526051.p?id=1352103&skuId=9526051&reviewsPage=12,1,,4.7,0,0,258,6,0,0,9.0,1
35,bestbuy,http://www.bestbuy.com/site/nintendo-amiibo-figure-super-smash-bros-falco/4575401.p?id=1219770992857&skuId=4575401&reviewsPage=6,1,,4.9,1,0,613,11,0,0,717.0,1
36,bestbuy,http://www.bestbuy.com/site/nintendo-nintendo-eshop-prepaid-card-35/1503882.p?id=1219087681439&skuId=1503882&reviewsPage=328,1,,4.9,1,1,613,11,0,0,486.0,1
37,bestbuy,http://www.bestbuy.com/site/the-little-mermaid-blu-ray-disc-2-disc/1524409.p?id=22952&skuId=1524409&reviewsPage=5,1,,4.9,1,0,225,8,0,0,9.0,1
38,bestbuy,http://www.bestbuy.com/site/mario-party-10-nintendo-wii-u/7416007.p?id=1219269868287&skuId=7416007&reviewsPage=77,1,,4.3,1,0,613,11,0,0,1456.0,1
39,bestbuy,http://www.bestbuy.com/site/jurassic-park-collection-all-4-movies-including-jurassic-world-dvd/4224704.p?id=3429867&skuId=4224704&reviewsPage=4,1,,4.8,1,0,745,25,0,0,9.0,1
40,bestbuy,http://www.bestbuy.com/site/my-best-buy-gamers-club-unlocked-membership-activation-card-in-store-activation-required-blue/2870014.p?id=1219562537359&skuId=2870014&reviewsPage=249,1,,4.7,1,1,613,11,0,0,885.0,1
41,bestbuy,http://www.bestbuy.com/site/bloodborne-playstation-4/7314019.p?id=1219265948816&skuId=7314019&reviewsPage=3,1,,4.6,1,0,613,11,0,0,1384.0,1
42,bestbuy,http://www.bestbuy.com/site/nintendo-amiibo-figures-splatoon-series-inkling-girl-inkling-squid-inkling-boy/6373111.p?id=1219661371309&skuId=6373111&reviewsPage=26,1,,4.8,1,0,613,11,0,0,885.0,1
43,bestbuy,http://www.bestbuy.com/site/disney-interactive-studios-disney-infinity-3-0-edition-disney-pixars-inside-out-fear-figure/4252500.p?id=1219713372262&skuId=4252500&reviewsPage=8,1,,4.9,1,0,613,11,0,0,386.0,1
44,bestbuy,http://www.bestbuy.com/site/nintendo-nintendo-eshop-prepaid-card-10/1484114.p?id=1219499659728&skuId=1484114&reviewsPage=328,1,,4.9,1,1,613,11,0,0,638.0,1
45,bjs,http://www.bjs.com/.product.272918,1,,,1,0,0,0,481,17,577.0,1
46,bjs,http://www.bjs.com/adventure-playsets-mountaineer-swing-set-with-bonus-2-person-glider.product.238708?dimId=2000834,1,3,4.5,1,0,0,0,455,16,683.0,1
47,bjs,http://www.bjs.com/splash-pools-tango-3339-x-1839-x-5234-oval-deluxe-aboveground-pool-package.product.189231?dimId=2000924,1,,,1,0,0,0,459,16,392.0,1
48,bjs,http://www.bjs.com/.product.282093,1,,,1,0,0,0,407,16,548.0,1
49,bjs,http://www.bjs.com/.product.223350,1,,,1,0,0,0,438,16,1290.0,1
50,bjs,http://www.bjs.com/.product.246417,1,,,1,0,0,0,443,16,888.0,1
51,bjs,http://www.bjs.com/good-directions-small-23-starry-night-complete-firedome.product.273016?dimId=2000950,1,,,1,0,0,0,463,17,594.0,1
52,bjs,http://www.bjs.com/cyberpowerpc-gxi5001bj-gamer-xtreme-desktop-34ghz-intel-core-i7-6700-processor.product.3000000000000390543?dimId=,1,,,1,0,0,0,490,17,426.0,1
53,bjs,http://www.bjs.com/newair-21-bottle-dual-zone-thermoelectric-wine-cooler---black.product.233688?dimId=2001967,1,48,5.0,1,0,0,0,468,17,408.0,1
54,bjs,http://www.bjs.com/tullys-coffee-hawaiian-blend-extra-bold-coffee-k-cup-pods-160-count.product.271181?dimId=2001439,1,10,5.0,1,0,0,0,451,16,225.0,1
55,bjs,http://www.bjs.com/.product.273140,1,,,1,0,0,0,460,16,1213.0,1
56,bjs,http://www.bjs.com/33-ct-tw-round-diamond-cluster-hoop-earrings-in-14k-white-gold.product.227606?dimId=2001968,1,,,1,0,0,0,474,17,484.0,1
57,bjs,http://www.bjs.com/bellini-home-and-gardens-patagonia-8-piece-sectional-and-sofa-set---spectrum-mist.product.263280?dimId=2002002,1,,,1,0,0,0,493,17,811.0,1
58,bjs,http://www.bjs.com/.product.272946,1,,,1,0,0,0,463,17,513.0,1
59,bjs,http://www.bjs.com/nfl-carolina-panthers-youth-uniform-set---medium.product.201879?dimId=2000756,1,,,1,0,0,0,430,16,576.0,1
60,ebay,http://www.ebay.com/itm/Blackberry-8330-Curve-Verizon-Camera-QWERTY-Bluetooth-Pink-Good-Condition-/262105517154?hash=item3d06b4cc62:g:D2MAAOSwwbdWJ9-D,1,536,4.5,1,1,0,0,786,8,0.0,1
61,ebay,http://www.ebay.com/itm/TOSHIBA-MD20F51-TELEVISION-TV-DVD-COMBO-CRT-FLAT-20-SCREEN-WORKS-GREAT/141825077653?_trksid=p2047675.c100005.m1851&_trkparms=aid%3D222007%26algo%3DSIC.MBE%26ao%3D1%26asc%3D33861%26meid%3D650ce7ea4e1849bf90d036e9e50c2036%26pid%3D100005%26rk%3D2%26rkt%3D5%26sd%3D141830209026&rt=nc,1,,,1,1,0,0,572,5,0.0,1
62,ebay,http://www.ebay.com/itm/DEFCON-Rackable-2U-Server-Quanta-S44-8-Core-2x-Intel-Xeon-L5420-Quad-Core-24GB-/151886909969?hash=item235d2a5211:g:DwEAAOSwFGNWSoCP,1,,,1,1,0,0,526,2,0.0,1
63,ebay,http://www.ebay.com/itm/BlackBerry-Bold-9780-Black-Unlocked-Smartphone-Charger-Free-Shipping-/221945956343?hash=item33ad0287f7:g:w5QAAOSw3ydVt3iC,1,83,4.5,1,1,0,0,855,7,0.0,1
64,ebay,http://www.ebay.com/itm/MICROSOFT-WINDOWS-7-Home-Premium-Upgrade-3-User-Family-Pack-32-64-Bit-PC-/201462175094?hash=item2ee814d576:g:trUAAOSw14xWO8gi,1,5,3.5,1,1,0,0,478,5,0.0,1
65,ebay,http://www.ebay.com/itm/The-Elder-Scrolls-Anthology-PC-2013-New-Sealed-/252176148433?hash=item3ab6dea7d1:g:mAwAAOxyXHpSSupN,1,7,5.0,1,1,0,0,483,5,0.0,1
66,ebay,http://www.ebay.com/itm/SUPERSONIC-SC-1311-13-3-LED-Widescreen-1080P-HDTV-TV-HDMI-USB-Inputs/111394569010?_trksid=p2047675.c100008.m2219&_trkparms=aid%3D222007%26algo%3DSIC.MBE%26ao%3D1%26asc%3D34008%26meid%3Dd1f5772a4fff4006ab2c9c70b6090960%26pid%3D100008%26rk%3D6%26rkt%3D6%26mehot%3Dpp%26sd%3D271976127898,1,3,3.5,1,1,0,0,668,5,0.0,1
67,ebay,http://www.ebay.com/itm/LG-Electronics-32LF500B-32-inch-720p-60Hz-LED-HDTV-Television-with-HDMI-and-USB/252029498383?_trksid=p2047675.c100008.m2219&_trkparms=aid%3D222007%26algo%3DSIC.MBE%26ao%3D1%26asc%3D34225%26meid%3Dee074d62be574e9eb0f1155cb67f5672%26pid%3D100008%26rk%3D3%26rkt%3D6%26mehot%3Dpp%26sd%3D271878728669,1,4,5.0,1,1,0,0,548,2,0.0,1
68,ebay,http://www.ebay.com/itm/Blackberry-Q10-SQN100-3-16GB-Factory-Unlocked-GSM-Smartphone-w-English-Arabic/151809831773?_trksid=p2047675.c100005.m1851&_trkparms=aid%3D222007%26algo%3DSIC.MBE%26ao%3D1%26asc%3D34008%26meid%3Ded3930fce5c64681bbd13063a0881622%26pid%3D100005%26rk%3D2%26rkt%3D6%26sd%3D351577248363&rt=nc,1,27,4.5,1,1,0,0,541,3,0.0,1
69,ebay,http://www.ebay.com/itm/Garmin-nuvi-2757LM-7-GPS-Navigation-System-w-Lifetime-Map-Updates-Certified-/171918480057?hash=item280723d2b9:g:6-cAAOSw~bFWFyji,1,44,4.5,1,1,0,0,658,6,0.0,1
70,ebay,http://www.ebay.com/itm/Home-Cinema-Theater-Multimedia-LED-LCD-Projector-PC-AV-VGA-USB-HDMI-HD-1080P-/291141859633?hash=item43c9683931:g:E9YAAOxy3yNThem4,1,,,1,1,0,0,816,8,0.0,1
71,ebay,http://www.ebay.com/itm/Samsung-UN55J6300-55-Inch-1080p-Smart-LED-TV-454715-LOCAL-PICKUP-ONLY-/291620191313,1,,,1,1,0,0,688,2,0.0,1
72,ebay,http://www.ebay.com/p/Beats-by-Dr-Dre-urBeats-In-Ear-only-Headphones-Black/146493368?_trksid=p2047675.c100005.m1851&_trkparms=ao%3D1%26asc%3D34575%26meid%3Db7c1e2448f4446d3bcf842a57184118d%26pid%3D100005%26,1,,,1,0,22,5,350,22,0.0,1
73,ebay,http://www.ebay.com/itm/Oringal-Apple-iPhone-4s-32GB-Black-White-Unlocked-Smartphone-AT-T-/301704124705?var=&hash=item463ef79921:m:mu9Fjxi1XyfVdGFFdsnvUUQ,1,,,1,1,0,0,797,2,0.0,1
74,ebay,http://www.ebay.com/itm/Rosetta-Stone-English-American-Level-1-Full-Version-for-Mac-Windows-/231752815917?hash=item35f58b552d:m:mx90IZKIfdrtlchU0cT2Syw,1,,,1,1,0,0,404,3,0.0,1
75,flipkart,http://www.flipkart.com/msi-gs60-2pe-ghost-pro-notebook-4th-gen-ci7-16gb-1tb-win8-1-3gb-graph/p/itmdys7jaefgn73z?pid=COMDYS7GDWZZZSHJ&srno=b_1&ref=4c73df6b-9219-4ec6-acce-c7777dc31405,1,,,0,0,0,0,1610,66,0.0,1
76,flipkart,http://www.flipkart.com/lenovo-yoga-2-tablet-android-8-inch/p/itmeyqkz6gxnkkmn?pid=TABEYQKXHQZQNDJG&al=%2FdIyBfMqqxoxlqAVhtWzkcldugMWZuE7wkNiXfq8GiQchVD4tI1JHGXXg7nkkQsCj30%2FH3uDlvI%3D&ref=L%3A-7149696298384800808&srno=b_12,1,,,0,0,0,0,1611,55,0.0,1
77,flipkart,http://www.flipkart.com/nexus-6/p/itme7zd5x6rfaps9?pid=MOBEFHH6PHVAZMVZ&&colorSelected=true&otracker=pp_mobile_color,1,,,0,0,0,0,2138,67,0.0,1
78,flipkart,http://www.flipkart.com/samsung-galaxy-on5/p/itmecpnytrqgvhm5?pid=MOBECCA5FHQD43KA&al=%2FdIyBfMqqxoHZ02S6APZ3MldugMWZuE7Qdj0IGOOVquS3ymugNFh%2BcWgDvEB%2BoXknGEqmG%2Fg55Q%3D&ref=L%3A3504002563064417883&srno=b_3,1,,,0,0,0,0,2289,67,0.0,1
79,flipkart,http://www.flipkart.com/nikon-d5500-18-55-200-lens-dslr-camera/p/itme5hzzvqbbeksa?pid=CAME5HZZCJBHGGHU&ref=L%3A-1759037873504107165&srno=p_18&query=nikon+dslr+cameras&otracker=from-search,1,,,0,0,0,0,11273,108,0.0,1
80,flipkart,http://www.flipkart.com/lenovo-g40-45-notebook-apu-quad-core-a8-8gb-1tb-free-dos-2gb-graph-80e10088in/p/itme87g5xtcveuzp?pid=COME87G5PTTZBV2Y&al=%2FdIyBfMqqxou9U5D6%2ByRhsldugMWZuE75aUsiwTbcEPKVyMcbxsRK%2F9zND6iWXhRjfIge5dF0kM%3D&ref=L%3A-6136269924711577075&srno=b_7,1,,,0,0,0,0,1287,60,0.0,1
81,flipkart,http://www.flipkart.com/micromax-40b5000fhd-8203-40bsd60fhd-102-cm-40-led-tv/p/itme7k3wattyjqpe?pid=TVSE7K3WMNTY95YG&al=%2FdIyBfMqqxom%2FjxzR9OzlcldugMWZuE7wkNiXfq8GiR%2BfCryR1q2179MLVu784iEB13i6DyPdFs%3D&ref=L%3A985967520251462705&srno=b_4,1,,,0,0,1263,22,2995,57,0.0,1
82,flipkart,http://www.flipkart.com/apple-32-gb-ipad-mini-retina-display-wi-fi/p/itme93hhzgxzwgm4?pid=TABDR66PZPUC5VN6&al=%2FdIyBfMqqxoG0iHJch0OScldugMWZuE7wkNiXfq8GiT%2B%2FBTt9ZZu%2BJbVPYBNE%2Fbe01O5TA758xY%3D&ref=L%3A-3937446405253018141&srno=b_12,1,,,0,0,0,0,1637,43,0.0,1
83,flipkart,http://www.flipkart.com/lg-40ub800t-100-cm-40-led-tv/p/itmefcymzjkemqdk?pid=TVSEFCYHGQK2ZUVM,1,,,0,0,5125,69,6949,60,0.0,1
84,flipkart,http://www.flipkart.com/lg-gl-b292sgsm-258-l-double-door-refrigerator/p/itme5sgwkz4hfgru?pid=RFRE5SGWU8JZ3YQJ&ref=63a1cfbb-56c8-4b72-9666-18be54e3a50a,1,,,0,0,0,0,2744,32,0.0,1
85,flipkart,http://www.flipkart.com/dell-venue-7-3740-tablet/p/itme27kfhcmdzmhg?pid=TABE27KCQJW76JWA&al=%2FdIyBfMqqxrxeXhn8Ag%2FAcldugMWZuE7wkNiXfq8GiQ2ZM7tP72q09aSzMfS6Hr5wwOLfA%2BSxDw%3D&ref=L%3A2819375487315496304&srno=b_8,1,,,0,0,0,0,1261,51,0.0,1
86,flipkart,http://www.flipkart.com/asus-zenfone-2-ze551ml/p/itme82rfsbwtrhsk?pid=MOBE82RFHYB3S9SJ&ref=c1e5bec6-32e0-4a01-93f3-1639f807ffd0,1,,,0,0,416,1,1998,61,0.0,1
87,flipkart,http://www.flipkart.com/canon-eos-7d-mark-ii-kit-ef-s18-135-mm-f3-5-5-6-stm-dslr-camera/p/itme3yq5ybesgkvz?pid=CAME3YQ46FSFRHKH&al=%2FdIyBfMqqxrmVJhHYZkBjMldugMWZuE75aUsiwTbcEOgmz3P7DgR6DvgeVjX9MiHwOf0D0FtEyM%3D&ref=L%3A-4504995937758721135&srno=b_7&primarySection=SELLER_TABLE&sellersSortedBy=PRICE,1,,,0,0,0,0,15948,105,0.0,1
88,flipkart,http://www.flipkart.com/datawind-ubislate-7cz-tablet/p/itmdspbf74ttuyz5?pid=TABDZCWAUZ7V7WG7&al=%2FdIyBfMqqxoCJeUT3dTSn8ldugMWZuE7wkNiXfq8GiTgX3J7SqZ08RiaKsaSKSSnkjJLrYzk598%3D&ref=L%3A589235116609915944&srno=b_1&primarySection=SELLER_TABLE&sellersSortedBy=PRICE,1,,,0,0,0,0,1325,50,0.0,1
89,flipkart,http://www.flipkart.com/acer-one-14-z1402-394d-nx-g80si-012-intel-core-i3-5th-gen-4-gb-ddr3-500-hdd-windows-10-notebook/p/itmebepuufkknt2w?pid=COMEBEPUQHWBVYHH&ref=b73215e5-c046-4ae5-a622-e3add84d6661,1,,,0,0,0,0,1701,63,0.0,1
90,frontierpc,https://www.frontierpc.com/storage/hard-drives/hard-drive/lenovo/lenovo-4-tb-3.5-internal-hard-drive-4xb0f28668-1027881340.html,0,,,0,0,0,0,1315,28,0.0,1
91,frontierpc,https://www.frontierpc.com/software-services/services/warranty/lenovo/service-3-year-upgrade-warranty-5ws0e37825-1025116749.html,0,,,0,0,0,0,678,17,0.0,1
92,frontierpc,https://www.frontierpc.com/accessories/docking-stations/docking-station/lenovo/thinkpad-basic-usb-3.0-dock-%28us%29-4x10a06687-1025442717.html,0,,,0,0,0,0,509,14,0.0,1
93,frontierpc,https://www.frontierpc.com/printing-media/labels/thermal-label/brother/tze-fx241-flexible-thermal-label-tzefx241-1019938486.html,0,,,0,0,0,0,1442,27,0.0,1
94,frontierpc,https://www.frontierpc.com/storage/flashcard-readers/flash-reader-15-in-1/hp/flash-reader-f4n90aa-1026904079.html,0,,,0,0,0,0,302,8,0.0,1
95,frontierpc,https://www.frontierpc.com/ProductDetails.php?eId=1025084157&featureId=F0000000239,0,,,0,0,0,0,514,13,0.0,1
96,frontierpc,https://www.frontierpc.com/office-equipment/magazine-files/magazine-file/korr/kwik-file/korr-series-magazine-file-17002-1011914932.html,0,,,0,0,0,0,427,14,0.0,1
97,frontierpc,https://www.frontierpc.com/storage/hard-drives/solid-state-drive/hpe/solid-state-drive-691852-b21-1024444868.html,0,,,0,0,0,0,1124,22,0.0,1
98,frontierpc,https://www.frontierpc.com/computers/desktop-computers/desktop-computer/asus/asuspro-e510/asuspro-e510-b0704-desktop-computer-1031375760.html,0,,,0,0,0,0,3329,71,0.0,1
99,frontierpc,https://www.frontierpc.com/computers/desktop-computers/desktop-computer/lenovo/thinkcentre-m73/10b6000yus-desktop-computer-1027012385.html,0,,,0,0,0,0,11355,88,0.0,1
100,frontierpc,https://www.frontierpc.com/print-supplies/toner-ink-cartridges/toner-cartridge/hp/305a-%28ce411a%29-cyan-original-laserjet-toner-cartridge-1021444773.html,0,,,0,0,0,0,784,22,0.0,1
101,frontierpc,https://www.frontierpc.com/office-supplies/staplers/desktop-stapler/business-source/business-source-desktop-stapler-62836-1021069649.html,0,,,0,0,0,0,555,19,0.0,1
102,frontierpc,https://www.frontierpc.com/office-supplies/lids/lid/rubbermaid/slim-jim/swing-lid-2673-60-267360gray-1020094515.html,0,,,0,0,0,0,793,22,0.0,1
103,frontierpc,https://www.frontierpc.com/accessories/carrying-cases/carrying-case/lenovo/essential/thinkpad-backpack-4x40e77329-1026919978.html,0,,,0,0,0,0,1169,36,0.0,1
104,frontierpc,https://www.frontierpc.com/office-equipment/paper-cutters/guillotine-trimmer/acco/swingline-guillotine-trimmer-7471198150-1024137756.html,0,,,0,0,0,0,563,17,0.0,1
105,newegg,http://www.newegg.com/Product/Product.aspx?Item=N82E16811129190,1,4,4,0,0,0,0,0,0,0.0,1
106,newegg,http://www.newegg.com/Product/Product.aspx?Item=N82E16881183055,1,2,4,0,0,0,0,0,0,0.0,1
107,newegg,http://www.newegg.com/Product/Product.aspx?Item=N82E16881860003,1,,,0,0,0,0,0,0,0.0,1
108,newegg,http://www.newegg.com/Product/Product.aspx?Item=N82E16822107249&SortField=0&SummaryType=0&PageSize=10&SelectedRating=-1&VideoOnlyMark=False&IsFeedbackTab=true,1,1,5,0,0,0,0,0,0,0.0,1
109,newegg,http://www.newegg.com/Product/Product.aspx?Item=N82E16826146009,1,985,4,0,0,0,0,0,0,0.0,1
110,newegg,http://www.newegg.com/Product/Product.aspx?Item=N82E16817438061,1,,,0,0,0,0,0,0,0.0,1
111,newegg,http://www.newegg.com/Product/Product.aspx?Item=9SIA0722KG3243,1,1.397,4,0,0,0,0,0,0,0.0,1
112,newegg,http://www.newegg.com/Product/Product.aspx?Item=N82E16875945315&SortField=0&SummaryType=0&PageSize=10&SelectedRating=-1&VideoOnlyMark=False&IsFeedbackTab=true,1,18,4,0,0,0,0,0,0,0.0,1
113,newegg,http://www.newegg.com/Product/Product.aspx?Item=N82E16812576010&SortField=0&SummaryType=0&PageSize=10&SelectedRating=-1&VideoOnlyMark=False&IsFeedbackTab=true,1,47,4,0,0,0,0,0,0,0.0,1
114,newegg,http://www.newegg.com/Product/Product.aspx?Item=0DZ-006U-00011,1,1,4,0,0,0,0,0,0,0.0,1
115,newegg,http://www.newegg.com/Product/Product.aspx?Item=N82E16817438017,1,219,5,0,0,0,0,0,0,0.0,1
116,newegg,http://www.newegg.com/Product/Product.aspx?Item=0E7-005K-00090,1,,,0,0,0,0,0,0,0.0,1
117,newegg,http://www.newegg.com/Product/Product.aspx?Item=N82E16816118231,1,5,4,0,0,0,0,0,0,0.0,1
118,newegg,http://www.newegg.com/Product/Product.aspx?Item=N82E16832286191&SortField=0&SummaryType=0&PageSize=10&SelectedRating=-1&VideoOnlyMark=False&IsFeedbackTab=true,1,2,5,0,0,0,0,0,0,0.0,1
119,newegg,http://www.newegg.com/Product/Product.aspx?Item=N82E16814487018&leaderboard=1,1,2,5,0,0,0,0,0,0,0.0,1
120,overstock,http://www.overstock.com/de/Home-Garden/HomePop-Tan-Nail-Head-Parsons-Chairs-Set-of-2/6559824/product.html?refccid=BRU7JMQQQTAIBDSC6AAYEVUSEA&searchidx=39,1,82,4.4,1,1,244,8,571,13,1080.0,1
121,overstock,http://www.overstock.com/de/Bedding-Bath/Madison-Park-Jaxson-3-piece-Coverlet-Set/8581318/product.html?refccid=BV6NPKZ54OBLLQCFOUDIYH3RQI&searchidx=4,1,340,4.7,1,1,465,12,538,9,942.0,1
122,overstock,http://www.overstock.com/de/Home-Garden/INSPIRE-Q-Fillmore-1-drawer-Oval-Wood-Shelf-Accent-End-Table/7304847/product.html?refccid=3JY4PMVGI5T3MMSCMXR2YISHLI&searchidx=10,1,124,4.5,1,1,290,8,597,10,661.0,1
123,overstock,http://www.overstock.com/de/Bedding-Bath/Flannel-200-GSM-Solid-or-Printed-Extra-Deep-Pocket-Sheet-Set-or-Pillowcase-Separates/10642348/product.html?refccid=DUZ33GD2ED6KP5KEQ3WGUIE5M4&searchidx=36,1,1,5.0,1,1,2013,43,741,9,772.0,1
124,overstock,http://www.overstock.com/de/Bedding-Bath/Shabby-Chic-Vintage-Rose-3-piece-Cotton-Quilt-Set/6156894/product.html?refccid=BV6NPKZ54OBLLQCFOUDIYH3RQI&searchidx=33,1,133,4.8,1,1,518,15,541,9,606.0,1
125,overstock,http://www.overstock.com/de/Home-Garden/KitchenAid-RKP26M1XCS-Cocoa-Silver-6-quart-Pro-600-Bowl-Lift-Stand-Mixer-Refurbished/5751343/product.html?refccid=YGJQO5ODFO22BMCLJDKNSX24GA&searchidx=19,1,26,4.9,1,1,501,19,412,6,496.0,1
126,overstock,http://www.overstock.com/Home-Garden/Safavieh-Becca-Beige-Linen-Dining-Chair/4039200/product.html,1,128,4.4,1,1,512,7,638,13,990.0,1
127,overstock,http://www.overstock.com/Home-Garden/Turkis-Crystal-3-way-Chrome-Table-Lamp/5207248/product.html?refccid=YWYUJBLPQS5ZR22FDK6HVHXAMU&searchidx=22,1,42,4.8,1,0,256,8,676,14,322.0,1
128,overstock,http://www.overstock.com/de/Home-Garden/INSPIRE-Q-Giselle-Antique-White-Graceful-Lines-Victorian-Iron-Metal-Bed/9116507/product.html?refccid=AGALPLNA5OSJUUCDUDCY5VA7LI&searchidx=16,1,132,4.6,1,1,618,13,495,9,837.0,1
129,overstock,http://www.overstock.com/de/Home-Garden/Yvette-White-2-door-Wall-Cabinet/7213171/product.html?refccid=UABFUZCO7FILP5SLJPXG3MJAFA&searchidx=46,1,42,4.5,1,1,179,6,479,9,688.0,1
130,overstock,http://www.overstock.com/de/Home-Garden/Upton-Home-Lucianna-Dining-Table-Set-with-4-Chairs/2683329/product.html?refccid=H6UZNHO2CKCIJVCGFOKN6CFRZM&searchidx=25,1,174,4.6,1,1,500,7,443,9,727.0,1
131,overstock,http://www.overstock.com/de/Home-Garden/Comfort-Products-Coublo-Collection-File-Cabinet/8375539/product.html?refccid=MV3RRC2KKUHYY4CEDN3AALBEHY&searchidx=23,1,9,4.8,1,1,227,6,354,6,1124.0,1
132,overstock,http://www.overstock.com/de/Home-Garden/Tiffany-style-Warehouse-of-Tiffany-Courtesan-Hanging-Lamp/7683650/product.html?refccid=23L3FL7MUKDKELKDVYD7FI5ZVU&searchidx=14,1,18,4.8,1,1,257,6,840,13,806.0,1
133,overstock,http://www.overstock.com/de/Office-Supplies/Office-Star-Mesh-Task-Chair/5299084/product.html?refccid=TJVB24HBJLBLZC2H6GWZF53Y4Y&searchidx=6,1,305,4.3,1,1,323,8,559,9,1256.0,1
134,overstock,http://www.overstock.com/de/Home-Garden/NuForm-TriZone-Quilted-7-inch-Twin-size-Foam-Mattress/8931316/product.html?refccid=4VOS34KWEKQ2XRCGB4U7VY2ATY&searchidx=2,1,120,4.5,1,1,985,17,487,8,627.0,1
135,samsclub,http://www.samsclub.com/sams/ultrasharp-u2412m-24-inch-monitor/prod10640290.ip,1,,,1,1,2673,11,594,27,127.0,1
136,samsclub,http://www.samsclub.com/sams/80-240hz-led-wifi-uhd-5-hdmi-wifi/prod17900082.ip,1,,,1,1,0,0,1054,45,1593.0,1
137,samsclub,http://www.samsclub.com/sams/60-120hz-led-smart-1080p-3-hdmi/prod17180594.ip,1,,,1,1,0,0,0,0,1169.0,1
138,samsclub,http://www.samsclub.com/sams/eldorado-electric-fireplace/prod16620429.ip,1,,,1,1,0,0,0,0,670.0,1
139,samsclub,http://www.samsclub.com/sams/verona-recliner-set-3-pc/prod17090185.ip,1,,,1,1,0,0,0,0,756.0,1
140,samsclub,http://www.samsclub.com/sams/at-t-3hs-phone-corded-cordless-3-hs/prod17330331.ip,1,,,1,1,0,0,0,0,684.0,1
141,samsclub,http://www.samsclub.com/sams/30-pc-pneumatic-kit-w-storage-case/prod9230386.ip?navAction=push,1,,,1,1,0,0,525,12,523.0,1
142,samsclub,http://www.samsclub.com/sams/dji-phantom-3-pro-4k-bundle/prod18950154.ip,1,,,1,0,0,0,0,0,6286.0,1
143,samsclub,http://www.samsclub.com/sams/60-in-round-table-new-stackable-design/prod9650110.ip,1,,,1,1,0,0,545,16,614.0,1
144,samsclub,http://www.samsclub.com/sams/55-120hz-led-smart-uhd-5-hdmi-wifi/prod17660348.ip?navAction=push,1,,,1,1,2166,17,1005,46,1727.0,1
145,samsclub,http://www.samsclub.com/sams/simpson-msh3224-s-msh3224-s/prod13620914.ip?navAction=push,1,,,1,1,0,0,1199,27,748.0,1
146,samsclub,http://www.samsclub.com/sams/windsor-fireplace-elec-media-fireplace/prod19470170.ip,1,,,1,1,0,0,0,0,974.0,1
147,samsclub,http://www.samsclub.com/sams/70-120hz-led-smart-uhd-4-hdmi-wifi/prod18160413.ip,1,,,1,1,0,0,764,39,1193.0,1
148,samsclub,http://www.samsclub.com/sams/dwnlxe-bpe-gelfbr-sf-king/prod16520254.ip,1,,,1,1,0,0,0,0,757.0,1
149,samsclub,http://www.samsclub.com/sams/neatreceipts/prod11750655.ip?navAction=push,1,,,1,1,0,0,0,0,1013.0,1
150,searsoutlet,http://www.searsoutlet.com/KDTE254EBL-24-Top-Control-Built-In-Dishwasher-Black/d/product_details.jsp%3Fstxt%3Dblack+sani+rinse+dishwasher%26md%3Dsrh_md%26pn%3D1%26ps%3D25%26pid%3D146090&cid=8063&mode=buyUsedOnly&itemSelectionType=all,1,0,,1,2,0,0,1865,71,834.0,1
151,searsoutlet,http://www.searsoutlet.com/KFGS530ESS-5-8-cu-ft-Gas-Freestanding-Range-Stainless-Steel/d/product_details.jsp%3Fstxt%3Dkitchenaid+slide+range%26md%3Dsrh_md%26pn%3D1%26ps%3D25%26pid%3D145451&cid=470&mode=buyUsedOnly&itemSelectionType=all,1,0,,1,2,0,0,955,34,658.0,1
152,searsoutlet,http://www.searsoutlet.com/5-pc-Car-Cleaning-Kit/d/product_details.jsp%3Fmd%3Dct_md%26cid%3D1222%26pn%3D1%26ps%3D46%26pid%3D13267&mode=buyUsedOnly&itemSelectionType=all,1,0,,1,2,0,0,508,14,891.0,1
153,searsoutlet,http://www.searsoutlet.com/Estate-Walnut-Grove-Luxury-Plush-Euro-Pillowtop-Queen-Mattress-II-Only/d/product_details.jsp%3Fmd%3Dct_md%26cid%3D8111%26pn%3D1%26ps%3D1069%26pid%3D142615&mode=buyUsedOnly&itemSelectionType=all,1,0,,1,2,0,0,292,11,1994.0,1
154,searsoutlet,http://www.searsoutlet.com/Professional-22-6-cu-ft-Side-by-Side-Refrigerator-Stainless-Steel/d/product_details.jsp%3Fstxt%3Dfrigidaire+energy+star+steel+refrigerator%26md%3Dsrh_md%26pn%3D1%26ps%3D25%26pid%3D115896&cid=8007&mode=buyUsedOnly&itemSelectionType=all,1,0,,1,2,0,0,2006,71,1373.0,1
155,searsoutlet,http://www.searsoutlet.com/10-pk-Socket-Clips/d/product_details.jsp%3Fmd%3Dct_md%26cid%3D39752%26pn%3D1%26ps%3D24%26pid%3D34918&mode=seeAll&itemSelectionType=all,1,0,,1,2,0,0,334,12,997.0,1
156,searsoutlet,http://www.searsoutlet.com/Marco-Island-4-Piece-Seating-Set-Rust*-Limited-Availability/d/product_details.jsp%3Fmd%3Dct_md%26cid%3D919%26pn%3D1%26ps%3D146%26pid%3D141395&mode=buyUsedOnly&itemSelectionType=all,1,0,,1,2,0,0,753,28,1494.0,1
157,searsoutlet,http://www.searsoutlet.com/20-pc-6-pt-Standard-and-Metric-Easy-Read-3-8-in-Dr-Socket-Wrench-Set/d/product_details.jsp%3Fmd%3Dct_md%26cid%3D8285%26pn%3D1%26ps%3D716%26pid%3D18514&mode=seeAll&itemSelectionType=all,1,0,,1,2,0,0,1217,50,465.0,1
158,searsoutlet,http://www.searsoutlet.com/Nextec-12-0-Volt-Right-Angle-Impact-Driver/d/product_details.jsp%3Fstxt%3Dtorque+drill+driver%26md%3Dsrh_md%26pn%3D1%26ps%3D25%26pid%3D64513&cid=2234&mode=&itemSelectionType=all,1,0,,1,2,0,0,1000,41,1008.0,1
159,searsoutlet,http://www.searsoutlet.com/iComfort-Aura-II-Full-Mattress-Only/d/product_details.jsp%3Fmd%3Dct_md%26cid%3D8113%26pn%3D1%26ps%3D96%26pid%3D132098&mode=seeAll&itemSelectionType=all,1,0,,1,2,0,0,240,11,617.0,1
160,searsoutlet,http://www.searsoutlet.com/30-In-357cc-Dual-Stage-Snowblower-w-EZ-Steer-Electric-4-Way-Chute-Control/d/product_details.jsp?pid=99649&mode=seeAll,1,0,,1,2,0,0,910,37,942.0,1
161,searsoutlet,http://www.searsoutlet.com/JGB630REFSS-5-0-cu-ft-Gas-Range-Stainless-Steel/d/product_details.jsp%3Fmd%3Dct_md%26cid%3D470%26pn%3D1%26ps%3D375%26pid%3D118527&mode=buyUsedOnly&itemSelectionType=all,1,0,,1,2,0,0,1778,60,566.0,1
162,searsoutlet,http://www.searsoutlet.com/Ripster-Blue/d/product_details.jsp%3Fmd%3Dct_md%26cid%3D8216%26pn%3D1%26ps%3D26%26pid%3D36311&mode=buyUsedOnly&itemSelectionType=all,1,0,,1,2,0,0,116,6,1055.0,1
163,searsoutlet,http://www.searsoutlet.com/Posturepedic-Sacramento-FaIIs-Ultra-Firm-Queen-Mattress-Only/d/product_details.jsp%3Fmd%3Dct_md%26cid%3D8111%26pn%3D1%26ps%3D1069%26pid%3D142542&mode=buyUsedOnly&itemSelectionType=all,1,0,,1,2,0,0,328,12,2069.0,1
164,searsoutlet,http://www.searsoutlet.com/74332-5-6-cu-ft-Gas-Range-w-True-Convection-White/d/product_details.jsp%3Fstxt%3Dkenmore+sealed+burners+searing+range%26md%3Dsrh_md%26pn%3D1%26ps%3D25%26pid%3D115960&cid=470&mode=buyUsedOnly&itemSelectionType=all,1,0,,1,2,0,0,1192,41,648.0,1
165,shop,http://www.shop.com/Plus+Size+Sweet+Satin+Dress+by+Calito+Dresses-810021732-p+.xhtml,1,,,1,0,53,3,0,0,703.0,1
166,shop,http://www.shop.com/Bella+B8803+Canvas+Ladies+Flowy+Scoop+Muscle+Tank+White+Slub+44+Small-1340961040-p+.xhtml,1,,,1,0,0,0,0,0,704.0,1
167,shop,http://www.shop.com/Anvil+71000FL+Ladies+Crew+Neck+Fleece+T+Shirt+Navy+44+Large-1333370767-p+.xhtml,1,,,1,0,0,0,0,0,675.0,1
168,shop,http://www.shop.com/Maidenform+Comfort+Devotion+9404+Womens+Comfort+Devotion+Embellished+Extra+Coverage+Bra+44+Navy+White+Dot+Size+40D-1112472223-p+.xhtml,1,,,1,0,0,0,0,0,766.0,1
169,shop,http://www.shop.com/Shebeest+2015+Womens+Bellissima+Python+Sleeveless+Cycling+Jersey+3317-1301173256-p+.xhtml,1,,,1,0,441,5,0,0,412.0,1
170,shop,http://www.shop.com/Silverts+184400113+Arthritic+Front+Closing+Bras+Arthritis+Clothing+For+Women+52+44+White-1361595523-p+.xhtml,1,,,1,0,0,0,0,0,1386.0,1
171,shop,http://www.shop.com/Indian+Cotton+Bollywood+Designer+Floral+Womens+Clothing+Ethnic+Wear+Rajrang+Black+casual+wear+Dress+Lehenga+Chania+Choli-1356006847-p+.xhtml,1,,,1,0,0,0,0,0,945.0,1
172,shop,http://www.shop.com/Jaco+Womens+Henna+Performance+V+Neck+T+Shirt+Indie+Blue-933273613-p+.xhtml,1,,,1,0,0,0,0,0,794.0,1
173,shop,http://www.shop.com/Asics+2015+16+Womens+Leg+Balance+Knee+Tight+114521-1334616468-p+.xhtml,1,,,1,0,329,5,0,0,456.0,1
174,shop,http://www.shop.com/Powerstep+Orthotics+5015+01F+Powerstep+Pinnacle+Maxx+Insole+F+44+Mens+9+9+5+44+Womens+11+11+5-1270711178-p+.xhtml,1,,,1,0,0,0,0,0,907.0,1
175,shop,http://www.shop.com/Phistic+Womens+Billy+Strapless+Tube+Bandage+Dress-973644607-p+.xhtml,1,,,1,0,483,5,0,0,238.0,1
176,shop,http://www.shop.com/Silverts+247400202+Adaptive+Clothing+Top+For+Women+Nursing+Home+Clothing+Wrap+Back+Medium+44+Taupe+Black-1361537722-p+.xhtml,1,,,1,0,0,0,0,0,1145.0,1
177,shop,http://www.shop.com/Muck+Boots+Womens+Arctic+Weekend+Mid+Waterproof+Winter+Black+WAW+000-1332967411-p+.xhtml,1,,,1,0,0,0,0,0,786.0,1
178,shop,http://www.shop.com/Rajrang+Designer+Traditional+Indian+Cotton+Floral+Womens+Wear+Black+Calf+Skirt-1356853200-p+.xhtml,1,,,1,0,0,0,0,0,401.0,1
179,shop,http://www.shop.com/Powerstep+Orthotics+5020+03E+Powerstep+Signature+Leather+Insole+0+75+E+M+11+11+5+44+Womens+13+13+5-1270692415-p+.xhtml,1,,,1,0,0,0,0,0,1124.0,1
180,shoplenovo,http://shop.lenovo.com/smb/us/en/laptops/ideapad/y700-series/y700-17-inch/?sb=:000001C9:00016632:&bvrrp=Main_Site-en_US/reviews/product/2/1A9A11A96AFB3EAA3273B817D21FC039_12F0696583E04D86B9B79B0FEC01C087.htm,1,33,3.6364,0,0,1777,18,857,16,,1
181,shoplenovo,http://shop.lenovo.com/smb/us/en/laptops/lenovo/yoga-laptop-series/yoga-3-pro-laptop/?sb=%253A000001C9%253A0001576B%253A&bvrrp=Main_Site-en_US/questions/product/4/515039FD9D79F7DF4A401BF4EE376968_12F0696583E04D86B9B79B0FEC01C087.htm,1,242,3.405,0,0,1622,21,749,15,,1
182,shoplenovo,http://shop.lenovo.com/smb/us/en/laptops/ideapad/y700-series/y700-15-inch/?sb=:000001C9:00016791:&bvrrp=Main_Site-en_US/reviews/product/2/77AF53D2D02ECA750F03775C537292A8_12F0696583E04D86B9B79B0FEC01C087.htm,1,44,3.9318,0,0,1866,21,909,16,,1
183,shoplenovo,http://shop.lenovo.com/smb/us/en/laptops/lenovo/yoga-laptop-series/yoga-900-13/?sb=%253A000001C9%253A00016B98%253A&bvrrp=Main_Site-en_US/reviews/product/4/B26B27097AAE5B0C0D843B39658E3B70_12F0696583E04D86B9B79B0FEC01C087.htm,1,101,4.0,0,0,2025,21,1028,13,,1
184,shoplenovo,http://shop.lenovo.com/smb/us/en/laptops/ideapad/y700-series/y700-t-15-inch/?sb=%253A000001C9%253A00016441%253A&bvrrp=Main_Site-en_US/questions/product/3/14AC6F9900B02ACDF59065062705E4B1_12F0696583E04D86B9B79B0FEC01C087.htm,1,,,0,0,1832,19,892,16,,1
185,shoplenovo,http://shop.lenovo.com/smb/us/en/laptops/ideapad/y700-series/y700-14-inch/?sb=:000001C9:0001633A:,1,21,3.3333,0,0,1631,18,791,16,,1
186,shoplenovo,http://shop.lenovo.com/us/en/laptops/ideapad/y700-series/y700-15-inch/?menu-id=,1,44,3.9318,0,0,1866,21,909,16,,1
187,shoplenovo,http://shop.lenovo.com/us/en/laptops/ideapad/y700-series/y700-14-inch/?bvrrp=Main_Site-en_US/questions/product/2/D3F4C84342A4A580AF422BE77D49325B_12F0696583E04D86B9B79B0FEC01C087.htm,1,21,3.3333,0,0,1631,18,791,16,,1
188,shoplenovo,http://shop.lenovo.com/smb/us/en/laptops/ideapad/y700-series/y700-15-inch/?menu-id=&bvrrp=Main_Site-en_US/questions/product/3/77AF53D2D02ECA750F03775C537292A8_12F0696583E04D86B9B79B0FEC01C087.htm,1,44,3.9318,0,0,1866,21,909,16,,1
189,shoplenovo,http://shop.lenovo.com/smb/us/en/laptops/lenovo/y-series/y50-uhd/?sb=%253A000001C9%253A00015882%253A&bvrrp=Main_Site-en_US/reviews/product/3/D04791A078C9454417E2268367162372_12F0696583E04D86B9B79B0FEC01C087.htm,1,74,3.6757,0,0,1758,21,823,15,,1
190,shoplenovo,http://shop.lenovo.com/smb/us/en/laptops/thinkpad/t-series/t450s/?sb=%253A00000025%253A00003B0A%253A&bvrrp=Main_Site-en_US/reviews/product/8/4E40F181009D49BA36AA00EEA1935324_12F0696583E04D86B9B79B0FEC01C087.htm,1,201,3.9602,1,0,2497,38,1368,14,,1
191,shoplenovo,http://shop.lenovo.com/smb/us/en/laptops/ideapad/y700-series/y700-15-inch/?sb=%253A000001C9%253A00015FF7%253A&bvrrp=Main_Site-en_US/questions/product/4/77AF53D2D02ECA750F03775C537292A8_12F0696583E04D86B9B79B0FEC01C087.htm,1,44,3.9318,0,0,1866,21,909,16,,1
192,shoplenovo,http://shop.lenovo.com/us/en/laptops/lenovo/y-series/y50-touch/?bvrrp=Main_Site-en_US/questions/product/2/7D422928D237A870733184E453FAAF0D_12F0696583E04D86B9B79B0FEC01C087.htm,1,46,3.1522,0,0,1581,17,718,14,,1
193,shoplenovo,http://shop.lenovo.com/gb/en/laptops/lenovo/yoga/yoga-300-11/?menu-id=,1,30,8.3,0,0,0,0,0,0,,1
194,shoplenovo,http://shop.lenovo.com/gb/en/desktops/lenovo/c-series/c40-05/?menu-id=,1,15,8.4,0,0,0,0,0,0,,1
195,target,http://intl.target.com/p/jc-toys-realistic-14-anatomically-correct-real-boy-baby-doll-all-vinyl-first-tear-designed-by-berenguer-pink/-/A-46766036,1,,,1,0,0,0,0,0,1726.0,1
196,target,http://intl.target.com/p/axe-phoenix-antiperspirant-stick-2-7oz-twin-pack/-/A-12980578,1,,,1,0,0,0,0,0,370.0,1
197,target,http://intl.target.com/p/graco-blossom-highchair-vance/-/A-13932451,1,,,1,0,0,0,0,0,1205.0,1
198,target,http://intl.target.com/p/nexcare-absolute-waterproof-tape-5-yds/-/A-10992101,1,,,1,0,0,0,0,0,0.0,1
199,target,http://intl.target.com/p/olay-moisture-cream-for-sensitive-skin/-/A-11155065,1,,,1,0,0,0,0,0,255.0,1
200,target,http://intl.target.com/p/easy-bake-oven-black-and-silver/-/A-14648957,1,,,1,0,0,0,0,0,350.0,1
201,target,http://intl.target.com/p/fisher-price-my-little-snugamonkey-special-edition-deluxe-bouncer/-/A-14775261?selectedTab=item-reviews-link,1,,,1,0,0,0,0,0,1067.0,1
202,target,http://intl.target.com/p/dove-color-care-shampoo-25-4-oz/-/A-14897938,1,,,1,0,0,0,0,0,472.0,1
203,target,http://intl.target.com/p/little-tikes-slam-n-curve-inflatable-bouncer/-/A-21490271,1,,,1,0,0,0,0,0,895.0,1
204,target,http://intl.target.com/p/pantene-pro-v-color-revival-conditioner-28-fl-oz-with-pump-color-conditioner/-/A-14661730,1,,,1,0,0,0,0,0,230.0,1
205,target,http://intl.target.com/p/crest-complete-multi-benefit-whitening-scope-minty-fresh-flavor-toothpaste-twin-pack-12-8-oz/-/A-14366454,1,,,1,0,0,0,0,0,686.0,1
206,target,http://intl.target.com/p/duracell-ct-c-4-count/-/A-10292375,1,,,1,0,0,0,0,0,0.0,1
207,target,http://intl.target.com/p/graco-duetsoothe-swing-and-rocker/-/A-14538656,1,,,1,0,0,0,0,0,702.0,1
208,techspot,http://www.techspot.com/products/cooling/arctic-accelero-xtreme-4.103858/,1,9,86,1,0,141,9,0,0,216.0,1
209,techspot,http://www.techspot.com/products/cooling/cooltek-coolforce-2.48060/,1,,,1,0,141,9,0,0,0.0,1
210,techspot,http://www.techspot.com/products/cases/silverstone-sugo-sg09.87534/,1,11,85,1,0,174,5,0,0,14.0,1
211,techspot,http://www.techspot.com/products/cases/silverstone-raven-rv02.24651/,1,24,89,1,0,114,5,0,0,14.0,1
212,techspot,http://www.techspot.com/products/headsets/sony-mdr-v6.51499/,1,4,91,1,0,168,5,0,0,14.0,1
213,techspot,http://www.techspot.com/products/speakers/jbl-charge-2.121041/,1,14,82,1,0,187,5,0,0,14.0,1
214,techspot,http://www.techspot.com/products/cameras/sony-alpha-nex-6.86663/,1,48,86,1,0,141,9,0,0,222.0,1
215,techspot,http://www.techspot.com/products/motherboards/msi-p67a-gd65.29867/,1,14,84,1,0,165,5,0,0,14.0,1
216,techspot,http://www.techspot.com/products/keyboards/tesoro-excalibur-spectrum-rgb-g7sfl.118025/,1,8,86,1,0,141,9,0,0,187.0,1
217,techspot,http://www.techspot.com/products/keyboards/corsair-vengeance-k95.93400/,1,8,89,1,0,141,9,0,0,288.0,1
218,techspot,http://www.techspot.com/products/speakers/audyssey-lower-east-side-media-speakers.54281/,1,6,86,1,0,90,5,0,0,14.0,1
219,techspot,http://www.techspot.com/products/graphics-cards/nvidia-geforce-gtx-650-ti-boost-2gb-gddr5-pcie.88519/,1,20,83,1,0,178,4,0,0,14.0,1
220,techspot,http://www.techspot.com/products/storage/corsair-ssd-25-inch-force-series-f100-100gb-mlc-sata300-cssd-f100gb2.22346/,1,8,93,1,0,172,5,0,0,14.0,1
221,techspot,http://www.techspot.com/products/sound-cards/asus-xonar-essence-stu-usb.96024/,1,11,82,1,0,141,9,0,0,284.0,1
222,techspot,http://www.techspot.com/products/cases/fractal-design-arc-midi.23646/,1,19,87,1,0,221,5,0,0,14.0,1
223,tesco,http://www.tesco.com/direct/bosch-psb-500-re-electric-impact-drill-percussion-drill-13mm-keyless-chuck/484-5085.prd?pageLevel=&skuId=484-5085,1,,,1,0,0,0,151,7,984.0,1
224,tesco,http://www.tesco.com/direct/large-stars-christmas-tree-decorations-4-pack/128-3057.prd?skuId=128-3057,1,,,1,0,0,0,187,7,759.0,1
225,tesco,http://www.tesco.com/direct/windsor-wooden-folding-garden-dining-chair-2-pack/618-4404.prd?pageLevel=&skuId=618-4404,1,,,1,0,0,0,422,16,291.0,1
226,tesco,http://www.tesco.com/direct/nerf-zombie-doominator/677-8413.prd?pageLevel=&skuId=677-8413,1,,,1,0,0,0,340,10,377.0,1
227,tesco,http://www.tesco.com/direct/bright-stripe-apron/420-2282.prd?pageLevel=&skuId=420-2282,1,,,1,0,0,0,389,16,253.0,1
228,tesco,http://www.tesco.com/direct/brabantia-3l-pedal-bin-brilliant-steel/410-2146.prd?pageLevel=&skuId=410-2146,1,,,1,0,0,0,420,15,552.0,1
229,tesco,http://www.tesco.com/direct/hugo-boss-orange-man-edt-40ml/219-0094.prd?pageLevel=&skuId=219-0094,1,,,1,0,0,0,254,10,324.0,1
230,tesco,http://www.tesco.com/direct/tesco-basics-single-duvet-105-tog/128-8606.prd?pageLevel=&skuId=128-8606,1,,,1,0,0,0,512,19,189.0,1
231,tesco,http://www.tesco.com/direct/dulux-matt-emulsion-paint-soft-stone-25l/395-2199.prd?skuId=395-2199,1,,,1,0,0,0,351,15,548.0,1
232,tesco,http://www.tesco.com/direct/nescafe-dolce-gusto-oblo-manual-red-coffee-machine-by-krups/359-5870.prd?skuId=359-5870,1,,,1,0,0,0,279,10,734.0,1
233,tesco,http://www.tesco.com/direct/staedtler-noris-colour-pencils-24-pk/420-1095.prd?skuId=420-1095,1,,,1,0,0,0,303,13,231.0,1
234,tesco,http://www.tesco.com/direct/binatone-homesurf844-8-inch-8gb-hdd-wi-fi-tablet-with-android-kitkat-442-os-in-white/171-7303.prd?pageLevel=&skuId=171-7303,1,,,1,0,0,0,1643,57,927.0,1
235,tesco,http://www.tesco.com/direct/russell-hobbs-white-150-litre-chest-freezer/396-3139.prd?pageLevel=&skuId=396-3139,1,,,1,0,0,0,1020,40,354.0,1
236,tesco,http://www.tesco.com/direct/veho-vfs-002m-slide-and-negatives-scanner/208-7377.prd?pageLevel=&skuId=208-7377,1,,,1,0,0,0,1270,39,557.0,1
237,tesco,http://www.tesco.com/direct/sony-icd-px333d-4gb-digital-voice-recorder-dragon-naturally-speaking/136-4078.prd?pageLevel=&skuId=136-4078,1,,,1,0,0,0,680,27,1852.0,1
238,walmart,http://www.walmart.com/ip/Greenworks-12-amp-14-Electric-Dethatcher-Green/19582349?action=product_interest&action_type=title&item_id=19582349&placement_id=irs-2-b2&strategy=SMT&visitor_id&category=&client_guid=5864583d-42bf-4be1-9069-fbdea8984470&customer_id_enc&config_id=2&parent_item_id=20595783&parent_anchor_item_id=20595783&guid=8f3ceee8-749e-450a-8091-3dd84bedb0e3&bucket_id=irsbucketdefault&beacon_version=1.0.1&findingMethod=p13n,1,6,5.0,1,0,594,8,232,8,0.0,1
239,walmart,http://www.walmart.com/ip/Wagner-Flexio-575-Sprayer-with-Accessory-Kit/39878926?action=product_interest&action_type=title&item_id=39878926&placement_id=irs-2-b1&strategy=PWVAV&visitor_id&category=&client_guid=6cbd49eb-aab9-4cb0-a6ae-49680d61dc2b&customer_id_enc&config_id=2&parent_item_id=23034336&parent_anchor_item_id=23034336&guid=f2d4ff25-0b01-4405-8b2b-8078ebf6537a&bucket_id=irsbucketdefault&beacon_version=1.0.1&findingMethod=p13n,1,2,5.0,1,0,1730,39,165,5,0.0,1
240,walmart,http://www.walmart.com/ip/Sun-Joe-Sharper-Blade-Stringless-4.5-AMP-Electric-Trimmer-Edger/22664211?action=product_interest&action_type=title&item_id=22664211&placement_id=irs-2-b2&strategy=PWBAB&visitor_id&category=&client_guid=e045c5e1-c0a0-4f1f-887b-bef33b9897dd&customer_id_enc&config_id=2&parent_item_id=22471680&parent_anchor_item_id=22471680&guid=855fa75e-68c7-4920-bb98-8c0bc31341eb&bucket_id=irsbucketdefault&beacon_version=1.0.1&findingMethod=p13n,1,47,3.5,1,0,0,0,209,7,0.0,1
241,walmart,http://www.walmart.com/ip/Cosco-17-World-s-Greatest-Ladder/11150979?action=product_interest&action_type=title&item_id=11150979&placement_id=irs-2-b1&strategy=PWVAV&visitor_id&category=&client_guid=6190da96-efb2-4386-9fc0-cb28a547e9cc&customer_id_enc&config_id=2&parent_item_id=21079548&parent_anchor_item_id=21079548&guid=fc05c293-1ca2-4d5b-a61e-d122d84598ce&bucket_id=irsbucketdefault&beacon_version=1.0.1&findingMethod=p13n,1,223,4.5,1,0,1140,13,151,5,0.0,1
242,walmart,http://www.walmart.com/ip/Little-Giant-Ladder-Rack/14971672?action=product_interest&action_type=title&item_id=14971672&placement_id=irs-2-b1&strategy=PWVAV&visitor_id&category=&client_guid=a9774a30-7d68-47f4-b3b2-d20a0605e479&customer_id_enc&config_id=2&parent_item_id=21804502&parent_anchor_item_id=21804502&guid=edc3018f-c0a7-4345-83b4-9c80606e6d26&bucket_id=irsbucketdefault&beacon_version=1.0.1&findingMethod=p13n,1,1,5.0,1,0,424,8,184,6,0.0,1
243,walmart,http://www.walmart.com/ip/Bird-X-Bird-Proof-Bird-Repellent-Gel-3pk/17012086?action=product_interest&action_type=title&item_id=17012086&placement_id=irs-2-m3&strategy=PWVUB&visitor_id&category=&client_guid=0ef01142-ed23-48cc-ba33-e35a171e0863&customer_id_enc&config_id=2&parent_item_id=17012100&parent_anchor_item_id=17012100&guid=797f8be2-19ee-4889-9ab5-78f65a6cb902&bucket_id=irsbucketdefault&beacon_version=1.0.1&findingMethod=p13n,1,6,4.5,1,0,806,12,191,6,0.0,1
244,walmart,http://www.walmart.com/ip/Hartz-UltraGuard-Plus-Flea-and-Tick-Home-Spray-Birds/13043567?action=product_interest&action_type=title&item_id=13043567&placement_id=irs-2-b2&strategy=PWBAB&visitor_id&category=&client_guid=37c56b09-9428-4b82-9891-d9cfd8b62c5b&customer_id_enc&config_id=2&parent_item_id=24705470&parent_anchor_item_id=24705470&guid=1d0b4d7c-024e-4962-a047-09d5d4f1e61f&bucket_id=irsbucketdefault&beacon_version=1.0.1&findingMethod=p13n,1,17,3.0,1,0,195,0,119,4,0.0,1
245,walmart,http://www.walmart.com/ip/Yards-Beyond-Basic-2x-Brighter-Solar-Post-Caps-Set-of-4/23267991?action=product_interest&action_type=title&item_id=23267991&placement_id=irs-2-m3&strategy=PWVUB&visitor_id&category=&client_guid=3f0d1050-d1a9-4016-a03a-07bf73f7f27a&customer_id_enc&config_id=2&parent_item_id=37652803&parent_anchor_item_id=37652803&guid=90995a98-1f34-4b27-bcf8-1ab600192864&bucket_id=irsbucketdefault&beacon_version=1.0.1&findingMethod=p13n,1,11,4.0,1,0,584,8,205,7,0.0,1
246,walmart,http://www.walmart.com/ip/Black-Decker-13-Automatic-Feed-Trimmer-Edger-Model-ST7700/10972715?action=product_interest&action_type=title&item_id=10972715&placement_id=irs-2-m3&strategy=PWVUB&visitor_id&category=&client_guid=a8aa1d79-fc6e-49cf-bfa3-504afad2c1c2&customer_id_enc&config_id=2&parent_item_id=33587772&parent_anchor_item_id=33587772&guid=0b8263a4-0973-4500-ac24-228bf4fb2926&bucket_id=irsbucketdefault&beacon_version=1.0.1&findingMethod=p13n,1,67,4.5,1,0,886,6,192,6,0.0,1
247,walmart,http://www.walmart.com/ip/Solar-Crackle-Glass-Globe-Garden-Stakes-3pk/37652815?action=product_interest&action_type=title&item_id=37652815&placement_id=irs-2-m3&strategy=PWVUB&visitor_id&category=&client_guid=7dd6967e-f795-4f1c-8822-5cd2e6316b40&customer_id_enc&config_id=2&parent_item_id=17377395&parent_anchor_item_id=17377395&guid=3842c6a8-98f2-4857-8e49-d077bffa7527&bucket_id=irsbucketdefault&beacon_version=1.0.1&findingMethod=p13n,1,3,3.5,1,0,424,7,215,7,0.0,1
248,walmart,http://www.walmart.com/ip/Body-Benefits-Bristle-Bath-Brush/22822783?action=product_interest&action_type=title&item_id=22822783&placement_id=irs-2-b2&strategy=PWBAB&visitor_id&category=&client_guid=e8cfef74-2154-44ae-8cb8-10b8edf71591&customer_id_enc&config_id=2&parent_item_id=34744295&parent_anchor_item_id=34744295&guid=dce7bc6c-e52f-4802-b310-a2622111ac4f&bucket_id=irsbucketdefault&beacon_version=1.0.1&findingMethod=p13n,1,33,4.0,1,0,82,3,207,6,0.0,1
249,walmart,http://www.walmart.com/ip/Great-Value-GVS144-Great-Value-14W-Soft-White-CFL-Lightbulb-4pk/21831151?action=product_interest&action_type=title&item_id=21831151&placement_id=irs-2-b1&strategy=PWVAV&visitor_id&category=&client_guid=e42a02bf-de40-4123-910c-80a39a7e60e5&customer_id_enc&config_id=2&parent_item_id=25524371&parent_anchor_item_id=25524371&guid=2fc31a80-6b17-45d6-b162-6a4e2a69d763&bucket_id=irsbucketdefault&beacon_version=1.0.1&findingMethod=p13n,1,19,3.5,1,0,762,15,126,4,0.0,1
250,walmart,http://www.walmart.com/ip/BabyBjorn-Safe-Step/34623642?action=product_interest&action_type=title&item_id=34623642&placement_id=irs-2-m3&strategy=PWVUB&visitor_id&category=&client_guid=d6918983-e6a7-42dc-a45a-83ae33519fdd&customer_id_enc&config_id=2&parent_item_id=22614722&parent_anchor_item_id=22614722&guid=008c9cc7-9dcb-402a-a25e-e3e2eba158db&bucket_id=irsbucketdefault&beacon_version=1.0.1&findingMethod=p13n,1,27,4.5,1,0,558,6,210,7,0.0,1
251,walmart,http://www.walmart.com/ip/Rubbermaid-75-Gallon-Outdoor-Storage-Box/8143890?action=product_interest&action_type=title&item_id=8143890&placement_id=irs-2-b2&strategy=PWBAB&visitor_id&category=&client_guid=5bb178b5-aebf-41d2-bb32-bd35c72913d6&customer_id_enc&config_id=2&parent_item_id=13727215&parent_anchor_item_id=13727215&guid=14847bd1-6204-4103-9cb5-4a758b06db01&bucket_id=irsbucketdefault&beacon_version=1.0.1&findingMethod=p13n,1,122,4.0,1,0,770,8,145,5,0.0,1
252,walmart,http://www.walmart.com/ip/Suncast-Outdoor-Trash-Hideaway/5925619?action=product_interest&action_type=title&item_id=5925619&placement_id=irs-2-b1&strategy=PWVAV&visitor_id&category=&client_guid=623d32bf-cafe-4dea-869a-2984c106573e&customer_id_enc&config_id=2&parent_item_id=22906004&parent_anchor_item_id=22906004&guid=0e357a7c-9a3e-4389-8ea3-f01e9b82e795&bucket_id=irsbucketdefault&beacon_version=1.0.1&findingMethod=p13n,1,163,4.5,1,0,899,9,150,5,0.0,1
253,aliexpress,http://www.aliexpress.com/item/Brand-New-USB-to-LAN-Ethernet-Network-Adapter-For-MacBook-Air-Laptop-OS-for-Android-Tablet/32286056854.html?_escaped_fragment_=,1,78,5.0,0,0,204,10,0,0,0.0,0
254,aliexpress,http://www.aliexpress.com/item/LD-Micro-SD-Card-Memory-Card/32340753940.html?ws_ab_test=searchweb201556_2_79_78_77_80%2Csearchweb201644_5%2Csearchweb201560_9&_escaped_fragment_=,1,25793,4.9,0,0,121,6,0,0,0.0,0
255,aliexpress,http://www.aliexpress.com/item/Micro-sd-card-class-10-memory-card-2gb-4gb-8gb-16GB-32-GB-microsd-TF-Card/32315474924.html?s=p&ws_ab_test=searchweb201556_1_79_78_77_80%2Csearchweb201644_5%2Csearchweb201560_9&_escaped_fragment_=,1,25,5.0,0,0,114,6,0,0,0.0,0
256,aliexpress,http://www.aliexpress.com/item/USB-2-0-Bluetooth-4-0-CSR4-0-Dongle-Adapter-USB-Bluetooth-Receiver-Hi-Speed-Adapter/32539458039.html?ws_ab_test=searchweb201556_6_79_78_77_80%2Csearchweb201644_5%2Csearchweb201560_9&_escaped_fragment_=,1,,,0,0,73,4,0,0,0.0,0
257,aliexpress,http://www.aliexpress.com/item/DHL-FREE-CHEAP-Wholesale-14-inch-DVD-RW-Laptops-2gb-500gb-computer-with-perfect-DH-enjoyment/1844423040.html?_escaped_fragment_=,1,,,0,0,276,13,0,0,0.0,0
258,aliexpress,http://www.aliexpress.com/item/High-Quality-10M-3Mbps-Mini-USB-Bluetooth-V4-0-Dongle-Dual-Mode-Wireless-Adapter-Device-CSR/32217756629.html?ws_ab_test=searchweb201556_6_79_78_77_80%2Csearchweb201644_5%2Csearchweb201560_9&_escaped_fragment_=,1,13,4.0,0,0,248,9,0,0,0.0,0
259,aliexpress,http://www.aliexpress.com/item/New-32GB-32G-USB-2-0-Flash-Memory-Stick-Pen-Drive-Storage-Thumb-U-Disk-Gift/32270259684.html?ws_ab_test=searchweb201556_6_79_78_77_80%2Csearchweb201644_5%2Csearchweb201560_9&_escaped_fragment_=,1,1446,4.8,0,0,93,4,0,0,0.0,0
260,aliexpress,http://www.aliexpress.com/item/real-capacity-Camera-USB-Camera-USB-3-0-usb-flash-drive-4GB-8GB-16GB-USB/32457016083.html?ws_ab_test=searchweb201556_2_79_78_77_80%2Csearchweb201644_5%2Csearchweb201560_9&_escaped_fragment_=,1,2,4.0,0,0,210,9,0,0,0.0,0
261,aliexpress,http://www.aliexpress.com/item/USB-Flash-Drive-Metal-Pen-Drive-32gb-16gb-Memoria-usb-stick-pendrive-Swivel-USB-32gb-64gb/32507130610.html?ws_ab_test=searchweb201556_6_79_78_77_80%2Csearchweb201644_5%2Csearchweb201560_9&_escaped_fragment_=,1,,,0,0,119,8,0,0,0.0,0
262,aliexpress,http://www.aliexpress.com/item/Cute-Minions-Series-USB-Flash-Drive-memory-storage-stick-U-disk-pendriver-4GB-8GB-16GB-32GB/32240680526.html?ws_ab_test=searchweb201556_2_79_78_77_80%2Csearchweb201644_5%2Csearchweb201560_9&_escaped_fragment_=,1,3038,4.8,0,0,278,9,0,0,0.0,0
263,aliexpress,http://www.aliexpress.com/item/2Pcs-Practical-Punch-Down-Network-Yellow-Data-Cable-Wire-Cutter-Stripper-Tool-Mini-Plier/32533341826.html?ws_ab_test=searchweb201556_2_79_78_77_80%2Csearchweb201644_5%2Csearchweb201560_9&_escaped_fragment_=,1,,,0,0,41,3,0,0,0.0,0
264,aliexpress,http://www.aliexpress.com/item/1-pcs-2-4-GHz-Wireless-USB-PowerPoint-Presenter-Remote-Control-Laser-RF-Pointer-PPT-Pen/32353403165.html?ws_ab_test=searchweb201556_1_79_78_77_80%2Csearchweb201644_5%2Csearchweb201560_9&_escaped_fragment_=,1,164,4.8,0,0,82,4,0,0,0.0,0
265,apple,http://www.apple.com/shop/buy-iphone/iphone6s/5.5-inch-display-16gb-silver-sprint,1,,,0,0,0,0,0,0,0.0,0
266,apple,http://www.apple.com/us_smb_78313/shop/buy-mac/macbook-air,0,,,1,0,53,2,0,0,0.0,0
267,apple,http://www.apple.com/shop/product/HGJ32VC/B/blueflame-four-device-wall-charger?fnode=8d&fs=f%3Dipadmini2%26fh%3D402f%252B3fc4,1,,3.0,1,0,0,0,0,0,254.0,0
268,apple,http://www.apple.com/shop/product/MKLV2ZM/A/ipad-mini-4-smart-cover-charcoal-gray?fnode=59ccc4c5f1394ed39bd3e4d59eb7872944064f9e6962ceb605c56494e02841944c0ad1afdaae46f0872e38613e2c837bca64e311f5f51944cb0a172950dfaa497ed935cbd827558f86075e33518705a38aa370216132e9a4a6f3e3b4c58c9f0d0953d4e217e2b677456b76ee4f350584&fs=f%3Dgrey%26fh%3D4583%252B2fec,1,,2.5,1,0,0,0,0,0,408.0,0
269,apple,http://www.apple.com/shop/product/HHRM2ZM/A/shure-motiv-mv5-digital-condenser-microphone?fnode=93&fs=f%3Diphone6plus%26fh%3D458a%252B43bb,1,,,1,0,0,0,0,0,771.0,0
270,apple,http://www.apple.com/shop/product/HGFQ2LL/A/bretford-purecharge-station-10-for-ipad-and-ipad-mini?fnode=8d&fs=f%3Dipad6gen%26fh%3D402f%252B43dd,1,,,1,0,0,0,0,0,451.0,0
271,apple,http://www.apple.com/shop/product/MK9X2AM/A/urbeats-in-ear-headphones?fnode=93&fs=f%3Dyellow%26fh%3D458a%252B2ff4,1,,2.5,1,0,0,0,0,0,671.0,0
272,apple,http://www.apple.com/shop/reviews/ME291AM/A/lightning-to-usb-cable?page=0&rf=5,0,0,0,0,0,0,0,0,0,0.0,0
273,apple,http://www.apple.com/shop/product/HG7A2VC/A/epson-workforce-pro-wf-4630-all-in-one-printer?fnode=94&fs=f%3Diphone4%26fh%3D4034%252B2af3,1,,3.5,1,0,0,0,0,0,268.0,0
274,apple,http://www.apple.com/shop/reviews/HH7H2LL/A/belkin-wired-keyboard-with-stand-for-ipad-lightning-connector?page=0&rf=3,0,0,0,0,0,0,0,0,0,0.0,0
275,apple,http://www.apple.com/shop/product/HGXH2VC/A/iriscan-anywhere-3-wifi-portable-scanner?fnode=94&fs=f%3Dcardreaderscanner%26fh%3D4034%252B45cd,1,,3.0,1,0,0,0,0,0,739.0,0
276,apple,http://www.apple.com/shop/product/HG7A2VC/A/epson-workforce-pro-wf-4630-all-in-one-printer?fnode=8d&fs=f%3Depson%26fh%3D402f%252B32aa,1,,3.5,1,0,0,0,0,0,268.0,0
277,apple,http://www.apple.com/shop/product/HHKA2ZM/A/thule-atmos-x3-hardshell-case-for-ipad-mini?fnode=1882627e0e19c1a18edc2bd8abbe46b2427082018b4f97685755bc8ef536bba8810fb9c45f03ae3fbb9b0acb53e495b787b68ad560133e447a6e8f98ca38b036ae001a7d926c9b62ebdfc151cc2929f52fb32c14fadea4ebea5ba0bee2c0157cedbdfb5d90c064f74dfeddf6d7ca8588&fs=f%3Dfabric%26fh%3D4583%252B2cf7,1,,,1,0,0,0,0,0,127.0,0
278,apple,http://www.apple.com/shop/product/HGRM2ZM/A/belkin-qode-ultimate-pro-keyboard-case-for-ipad-air?fnode=4152026461787c944aa2ebb6eee1eb3819310699a5bc2b01add435d45d055de7a49111031a47a7ddc9ccd7b0855181eb787956b714b095727b373cf302f0c8e63d126a46d526181847ba16799fab43d682d626473fa7161531e5df1c6add5ec9561ff2b3c8e4f678833111f5dfafa7b3&fs=f%3Dipad5gen%26fh%3D4583%252B3fc3,1,,2.5,1,0,0,0,0,0,234.0,0
279,apple,http://www.apple.com/shop/product/HHSX2VC/B/ultimate-ears-ue-roll-wireless-speaker?fnode=93&fs=f%3Dlogitech%26fh%3D458a%252B3351,1,,3.5,1,0,0,0,0,0,166.0,0
280,bestbuy,http://www.bestbuy.com/site/ge-2-2-cu-ft-high-efficiency-compact-front-loading-washer-white/9647236.p;jsessionid=5737BF67CAB5E2E4EE01168DE3B80A23.bbolsp-app03-180?id=1218140734850&skuId=9647236&st=pcmcat291900050006_categoryid$abcat0910002&cp=1&lp=3,1,,4.4,1,1,613,11,0,0,243.0,0
281,bestbuy,http://forums.bestbuy.com/t5/Holiday-Support-2015/Missing-package/m-p/951931?nospellcheck=true&q=_change_me_,0,0,0,0,0,0,0,0,0,0.0,0
282,bestbuy,http://www.bestbuy.com/site/fitbit-flex-wireless-activity-and-sleep-tracker-wristband-slate/8389064.p?id=1218874432575&skuId=8389064&reviewsPage=904,1,,4.4,1,1,613,11,0,0,327.0,0
283,bestbuy,http://www.bestbuy.com/site/hamilton-beach-set-forget-stay-or-go-6-quart-slow-cooker-metallic/8631064.p?id=1194051530726&skuId=8631064&reviewsPage=51,1,,4.7,1,1,613,11,0,0,273.0,0
284,bestbuy,http://www.bestbuy.com/site/lg-29-7-cu-ft-4-door-door-in-door-french-door-refrigerator-black-stainless-steel/6183237.p?id=1219658502839&skuId=6183237&reviewsPage=17,1,,4.6,1,1,613,11,0,0,262.0,0
285,bestbuy,http://www.bestbuy.com/site/downton-abbey-season-4-blu-ray-disc-3-disc/2865188.p?id=2756543&skuId=2865188&reviewsPage=4,1,,4.7,0,0,87,2,0,0,0.0,0
286,bestbuy,http://www.bestbuy.com/site/ge-1-6-cu-ft-over-the-range-microwave-stainless-steel-with-black-accents/1624532.p?id=1219057461793&skuId=1624532&reviewsPage=36,1,,4.4,1,1,613,11,0,0,366.0,0
287,bestbuy,http://www.bestbuy.com/site/ge-24-top-control-tall-tub-built-in-dishwasher-with-stainless-steel-tub-black/1793464.p?id=1219064811971&skuId=1793464&reviewsPage=6,1,,4.6,1,1,613,11,0,0,289.0,0
288,bestbuy,http://www.bestbuy.com/site/samsung-2-1-cu-ft-over-the-range-microwave-stainless-steel/9041371.p?id=1218978289368&skuId=9041371&reviewsPage=16,1,,4.4,1,1,613,11,0,0,220.0,0
289,bestbuy,http://forums.bestbuy.com/t5/user/userloginpage?redirectreason=notregistered&dest_url=http%3A%2F%2Fforums.bestbuy.com%2Ft5%2Fnotifications%2Fnotifymoderatorpage%2Fmessage-uid%2F954429,0,0,0,0,0,0,0,0,0,0.0,0
290,bestbuy,http://www.bestbuy.com/site/masterpiece-downton-abbey-season-5-blu-ray-disc/1083146.p?id=3297128&skuId=1083146&reviewsPage=5,1,,4.9,1,0,40,1,0,0,0.0,0
291,bestbuy,http://www.bestbuy.com/site/whirlpool-30-freestanding-gas-range-white/5610477.p?id=1219143552552&skuId=5610477&reviewsPage=2,1,,4.5,1,1,613,11,0,0,229.0,0
292,bestbuy,http://www.bestbuy.com/site/philips-picopix-dlp-projector-white/4459000.p?id=1219750644530&skuId=4459000,1,,,1,1,60,1,0,0,246.0,0
293,bestbuy,http://www.bestbuy.com/site/assassins-creed-iv-black-flag-windows/8353179.p?id=1218873335580&skuId=8353179&cmp=RMX&ky=2osewwzdCrbzQ1GSkGq8l2Pqc8Sa8YrUW&CMP=ocss_g,1,,4.3,1,0,613,11,0,0,305.0,0
294,bestbuy,http://www.bestbuy.com/site/panasonic-2-2-cu-ft-full-size-microwave-white/7772225.p?id=1142289198667&skuId=7772225&reviewsPage=6,1,,4.5,1,1,613,11,0,0,245.0,0
295,bjs,http://www.bjs.com/24-pre-lit-classical-collection-wreath-with-red-berries-cones-and-holly-leaves---clear.product.130951?dimId=2001898,1,,,1,0,0,0,470,16,255.0,0
296,bjs,http://www.bjs.com/.product.191399,1,,,1,0,0,0,436,16,267.0,0
297,bjs,http://www.bjs.com/gibson-home-casa-estebana-20-piece-dinnerware-set.product.3000000000000298557?dimId=2001899,1,,,1,0,0,0,425,16,113.0,0
298,bjs,http://www.bjs.com/annin-3-x-5-flag-of-poland.product.28060?dimId=2000324,1,,,1,0,0,0,409,16,314.0,0
299,bjs,http://www.bjs.com/adventure-playsets-tic-tac-toe-frame.product.185965?dimId=2001019,1,1,1.0,1,0,0,0,418,16,428.0,0
300,bjs,http://www.bjs.com/.product.187331,1,,,1,0,0,0,440,16,169.0,0
301,bjs,http://www.bjs.com/aqua-chem-18-deluxe-swimming-pool-brush.product.269670?dimId=2000093+2000894,1,,,1,0,0,0,422,16,281.0,0
302,bjs,http://www.bjs.com/.product.163871,1,3,2.5,1,0,0,0,423,16,172.0,0
303,bjs,http://www.bjs.com/holiday-hosting-gift-basket.product.3000000000000343061?dimId=2001960,1,,,1,0,0,0,409,16,100.0,0
304,bjs,http://www.bjs.com/land-olakes-sliced-white-american-cheese-72-count.product.3000000000000145547?dimId=2001357,1,,,1,0,0,0,427,16,262.0,0
305,bjs,http://www.bjs.com/.product.283489,1,,,1,0,0,0,404,16,228.0,0
306,bjs,http://www.bjs.com/gel-care-15-x-10-self-adhesive-scar-patch---2-pk.product.128151?dimId=2001447,1,,,1,0,0,0,433,16,380.0,0
307,bjs,http://www.bjs.com/.product.214717,1,,,1,0,0,0,415,16,309.0,0
308,bjs,http://www.bjs.com/epicureanist-illuminati-decanter.product.202063?dimId=2001902,1,,,1,0,0,0,414,16,210.0,0
309,bjs,http://www.bjs.com/.product.3000000000000144921,1,,,1,0,0,0,410,16,106.0,0
310,conns,http://ir.conns.com/secfiling.cfm?filingID=1228229-13-1&CIK=1223389,0,0,0,0,0,0,0,0,0,0.0,0
311,conns,http://www.conns.com/tv-audio-electronics/mounts?brand_filter=1654&dir=asc&maximum_weight_capacity_filter=508&order=position&price=-&tv_size_filter=302,0,0,0,0,0,0,0,0,0,0.0,0
312,conns,http://ir.conns.com/secfiling.cfm?filingID=1157523-05-5216&CIK=1223389,0,0,0,0,0,0,0,0,0,0.0,0
313,ebay,http://www.ebay.com/itm/OEM-Ballast-for-Toshiba-PS-212-LC2-170-Projectors-/391323094569?hash=item5b1cac8e29:g:mgEAAOSwT4lWTAe5,1,,,1,0,0,0,394,1,0.0,0
314,ebay,http://www.ebay.com/itm/BlackBerry-Curve-8310-Blue-AT-T-QWERTY-Smartphone-/191560277413?hash=item2c99e1dda5:g:NwoAAOSwEeFVL8rI,1,2,5.0,1,1,0,0,418,2,0.0,0
315,ebay,http://www.ebay.com/itm/Sony-Music-Studio-9-Brand-New-Sealed-DVD/371063457767?_trksid=p2047675.c100005.m1851&_trkparms=aid%3D222007%26algo%3DSIC.MBE%26ao%3D1%26asc%3D33862%26meid%3D23ac78d38b624bcaa6ffd5d91037782e%26pid%3D100005%26rk%3D1%26rkt%3D6%26sd%3D371079234963,1,,,1,0,0,0,375,3,0.0,0
316,ebay,http://www.ebay.com/itm/Adobe-InDesign-CS-For-Mac-1-User-Old-Version-Education-Original-New-Sealed-/191724597214?hash=item2ca3ad2fde:g:QYUAAOSw9mFWLslG,1,,,1,0,0,0,328,2,0.0,0
317,ebay,http://www.ebay.com/sch/Video-Game-Accessories-/54968/i.html?rt=nc&_dmd=2&Platform=Nintendo%25203DS,0,,,1,0,0,0,0,0,0.0,0
318,ebay,http://www.ebay.com/sch/BlackBerry-Cell-Phone-Cases/20349/bn_355241/i.html?_trksid=p2045573.m4213,0,,,1,0,0,0,0,0,0.0,0
319,ebay,http://www.ebay.com/itm/Official-Microsoft-Xbox-One-Wireless-Controller-Brand-New-And-Factory-Sealed-/151885832640?hash=item235d19e1c0:g:yN0AAOSwZVhWSOxI,1,,,1,0,0,0,503,2,0.0,0
320,ebay,http://www.ebay.com/itm/Tosiba-65-Theatherwide-HD-HDTV-Monitor-Floor-Model/321618553859?_trksid=p2047675.c100005.m1851&_trkparms=aid%3D222007%26algo%3DSIC.MBE%26ao%3D1%26asc%3D34227%26meid%3D58a74419ca494fa19b024bd5c9d4e518%26pid%3D100005%26rk%3D2%26rkt%3D6%26sd%3D221803776088&rt=nc,1,,,1,1,0,0,470,3,0.0,0
321,ebay,http://www.ebay.com/itm/Commodore-VIC-20-Vintage-Estate-Find-Sold-As-Is-/391319839478?hash=item5b1c7ae2f6:g:5lYAAOSwEgVWRfrd,1,,,1,1,0,0,58,1,0.0,0
322,ebay,http://www.ebay.com/itm/Microsoft-Xbox-One-Latest-Model-500-GB-Black-Console-Without-Kinect-/181936517482?hash=item2a5c42f16a:g:ZNkAAOSwkZhWTe6f,1,112,4.0,1,1,0,0,486,2,0.0,0
323,ebay,http://www.ebay.com/itm/3-Tablet-Lot-Sold-As-Is-For-Parts-Repair-/181931847384?hash=item2a5bfbaed8:g:v9QAAOSw5ZBWNBcl,1,,,1,0,0,0,227,2,0.0,0
324,ebay,http://www.ebay.com/itm/50-Verbatim-Blu-ray-25GB-6x-blank-BD-R-Blank-Disc-Printable-Media-Japan-Import-/291346155661?hash=item43d595888d:g:YskAAOxyTjNSnaNT,1,,,1,0,0,0,305,3,0.0,0
325,ebay,http://www.ebay.com/itm/BlackBerry-Bold-9650-2GB-Black-Sprint-Smartphone-Tested-/252170134066?hash=item3ab682e232:g:6ucAAOSwu4BVpZU0,1,,,1,0,0,0,808,2,0.0,0
326,ebay,http://www.ebay.com/itm/NEW-Bose-QC25-Noise-Canceling-Quiet-Comfort-25-Headphones-Black-/221943357505,1,,,1,1,0,0,511,3,0.0,0
327,ebay,http://www.ebay.com/itm/D-Link-Wireless-Network-Cloud-Camera-1050-With-Wireless-Techonology-/371163633781,1,,,1,1,0,0,525,3,0.0,0
328,flipkart,http://www.flipkart.com/india-crucial-years-english/p/itmea7ggwsazeugh?pid=9789351772866,1,,,0,0,0,0,205,10,0.0,0
329,flipkart,http://www.flipkart.com/encyclopedia-optimization-english-1st/p/itme9mzfb7znpabx?pid=9780792369325,1,,,0,0,0,0,275,15,0.0,0
330,flipkart,http://www.flipkart.com/calvin-klein-sheer-beauty-edt-100-ml/p/itmdthjafqznkaen?pid=PERDNY2EAPATTZEK&al=%2FdIyBfMqqxpstsRtrxU2qsldugMWZuE7JTWSsYnGIuWRvTPxn5Fs4LUM5Z2zQ3ea6c4URa8JhvU%3D&ref=L%3A509224270870104851&srno=b_14&primarySection=SELLER_TABLE&sellersSortedBy=PRICE,1,,,0,0,0,0,236,9,0.0,0
331,flipkart,http://www.flipkart.com/apple-book-cover-ipad-air-2/p/itme3z3fhtajkcyy?pid=ACCE3Z3FGNHXSMQV&ref=L%3A-1403035810910222382&srno=p_15&query=apple+mobiles&otracker=from-search&primarySection=SELLER_TABLE&sellersSortedBy=PRICE,1,,,0,0,0,0,152,9,0.0,0
332,flipkart,http://www.flipkart.com/tuzech-universal-pod/p/itme7e9mzm5edyyg?pid=ACCE7E9MKAGQWCYY&al=%2FdIyBfMqqxrvor%2FJnEXxysldugMWZuE7sHPMhtl4IOrBXmPhxyA5F7avEflUTGBAU9%2BQ2yC0oks%3D&ref=L%3A-2472987025521819483&srno=b_13,1,,,0,0,0,0,135,8,0.0,0
333,flipkart,http://www.flipkart.com/powercell-5-w-led-6500k-cool-day-light-bulb/p/itme9jfdhwghamkc?pid=BLBE9JFD5RKPZYKJ&al=%2FdIyBfMqqxq34IfAaAH1kcldugMWZuE7mxWx381qOwSxfOwUFvl8g%2Fe%2BjI5xLEvWXAvJyRx1KxA%3D&ref=L%3A2349648289913850667&srno=b_12&primarySection=SELLER_TABLE&sellersSortedBy=PRICE,1,,,0,0,0,0,389,18,0.0,0
334,flipkart,http://www.flipkart.com/skumar-love-touch-cotton-face-towel-set/p/itme8zfvh6uxyees?pid=BTWE8ZFVTZAKNZZ2&al=%2FdIyBfMqqxoWPtqdH%2FE1LsldugMWZuE7mxWx381qOwSdnOW7SReTvPzuA6yVDojMpJrsTyDlZ3I%3D&ref=L%3A8587115257125487609&srno=b_10,1,,,0,0,0,0,403,22,0.0,0
335,flipkart,http://www.flipkart.com/mitashi-game-infrazone-nx/p/itmd4f4dshchxyth?pid=GMCD4F4DSHCHXYTH&ref=L%3A197808332336941148&srno=p_11&query=gaming+consoles&otracker=from-search,1,,,0,0,0,0,299,10,0.0,0
336,flipkart,http://www.flipkart.com/eveready-3-w-5-7-w-led-6500k-cool-day-light-combo-bulb/p/itme8yg2hgnn2rtd?pid=BLBE8YG2SFZGAC4V&al=%2FdIyBfMqqxr14STXCDVkIMldugMWZuE7mxWx381qOwTohnPAvl64SuptIlfN8Cqc6U2MomyWBxE%3D&ref=L%3A2349648289913850667&srno=b_9&primarySection=SELLER_TABLE&sellersSortedBy=PRICE,1,,,0,0,0,0,412,17,0.0,0
337,flipkart,http://www.flipkart.com/hytech-plus-ps4verticalstand/p/itme6qyvwgtugjfg?pid=GMCE6QYVARZ6JKUA&ref=L%3A197808332336941148&srno=p_14&query=gaming+consoles&otracker=from-search,1,,,0,0,0,0,113,6,0.0,0
338,flipkart,http://www.flipkart.com/davidoff-hot-water-edt-110-ml/p/itmdtkqrzmuhmqvn?pid=PERD8DHUSXBY36Z7&al=%2FdIyBfMqqxot2CW62zzPTMldugMWZuE7JTWSsYnGIuXxIEAYo0dFKFuHKN2Ii3NMFeskjfMaxG8%3D&ref=L%3A509224270870104851&srno=b_4&primarySection=SELLER_TABLE&sellersSortedBy=PRICE,1,,,0,0,0,0,278,11,0.0,0
339,flipkart,http://www.flipkart.com/jbl-t250si-on-the-ear-headphone/p/itmefbgezsc72mgt?pid=ACCEFBGAK5ZDTBF7&ref=b34b846b-b83a-4a84-ae7a-cbdea225289a,1,,,0,0,0,0,337,10,0.0,0
340,frontierpc,https://www.frontierpc.com/brand-show-case/asus/,0,0,0,0,0,0,0,0,0,0.0,0
341,frontierpc,https://www.frontierpc.com/accessories/monitor-stands/001001066031/,0,0,0,0,0,0,0,0,0,0.0,0
342,frontierpc,https://www.frontierpc.com/office-supplies/holders-clips/buckle/001001110-211942/,0,0,0,0,0,0,0,0,0,0.0,0
343,frontierpc,https://www.frontierpc.com/printing-media/labels/pin-feed-label/001010074167-210446/,0,0,0,0,0,0,0,0,0,0.0,0
344,frontierpc,https://www.frontierpc.com/cables-adapters/connector-cables/data-transfer-cable/lexmark/001001077049-231702-1101196/,0,0,0,0,0,0,0,0,0,0.0,0
345,newegg,http://www.newegg.com/Product/Product.aspx?Item=0G0-00P9-00004,1,,,0,0,0,0,0,0,0.0,0
346,newegg,http://www.newegg.com/Product/Product.aspx?Item=111-0064-00006,1,,,0,0,0,0,0,0,0.0,0
347,newegg,http://www.newegg.com/Product/Product.aspx?Item=9SIA0VU1RC5193,1,,,0,0,0,0,0,0,0.0,0
348,newegg,http://www.newegg.com/Product/Product.aspx?Item=N82E16875925458&SortField=0&SummaryType=0&PageSize=10&SelectedRating=-1&VideoOnlyMark=False&IsFeedbackTab=true,1,6,3,0,0,0,0,0,0,0.0,0
349,newegg,http://www.newegg.com/Product/Product.aspx?Item=9SIA3912D77723,1,,,0,0,0,0,0,0,0.0,0
350,newegg,http://www.newegg.com/Product/Product.aspx?Item=9SIA5D52R14256,1,,,0,0,0,0,0,0,0.0,0
351,newegg,http://www.newegg.com/Product/Product.aspx?Item=9SIA7BK3GF8534,1,,,0,0,0,0,0,0,0.0,0
352,newegg,http://www.newegg.com/Product/Product.aspx?Item=9SIA0X81YV5382,1,,,0,0,0,0,0,0,0.0,0
353,newegg,http://www.newegg.com/Product/Product.aspx?Item=9SIA3912D94355,1,1,5,0,0,0,0,0,0,0.0,0
354,newegg,http://www.newegg.com/Product/Product.aspx?Item=N82E16833339426,1,,,0,0,0,0,0,0,0.0,0
355,newegg,http://www.newegg.com/Product/Product.aspx?Item=022-00DN-00020,1,,,0,0,0,0,0,0,0.0,0
356,newegg,http://www.newegg.com/Product/Product.aspx?Item=9SIA5D52R12833,1,,,0,0,0,0,0,0,0.0,0
357,newegg,http://www.newegg.com/Product/Product.aspx?Item=9SIA9N13HA8293&SortField=0&SummaryType=0&PageSize=10&SelectedRating=-1&VideoOnlyMark=False&IsFeedbackTab=true,1,1,5,0,0,0,0,0,0,0.0,0
358,newegg,http://www.newegg.com/Product/Product.aspx?Item=N82E16896779041,1,2,3,0,0,0,0,0,0,0.0,0
359,newegg,http://www.newegg.com/Product/Product.aspx?Item=N82E16848045137,1,,,0,0,0,0,0,0,0.0,0
360,overstock,http://www.overstock.com/de/Home-Garden/Crews-Blackjack-Mirror-Lens-Safety-Glasses/6400501/product.html?refccid=NSG3VMXKV33YOKSGPR6F4RGV6Q&searchidx=8,1,,,1,1,166,8,270,4,0.0,0
361,overstock,http://www.overstock.com/de/Home-Garden/Three-door-Wooden-Storage-Cabinet/9045917/product.html?refccid=W2K7JCN24XYITG2NQX264LQ5BE&searchidx=48,1,2,3.0,1,1,179,5,349,6,175.0,0
362,overstock,http://www.overstock.com/de/Home-Garden/Gevenieve-2-door-2-drawer-Linen-Tower/10175936/product.html?refccid=6QBXJBVKP6BIKX2FWIJVAQ6WLI&searchidx=41,1,1,3.0,1,1,658,19,476,8,411.0,0
363,overstock,http://www.overstock.com/de/Clothing-Shoes/Sperry-Top-Sider-Womens-Angelfish-Browns-Casual-Shoes/6683312/product.html?refccid=XDQJGWSM7DZIU2CKUYBFVVAVM4&searchidx=7,1,,,1,1,119,5,297,4,0.0,0
364,overstock,http://www.overstock.com/de/Luggage-Bags/Teenage-Mutant-Ninja-Turtle-Leonardo-Plush-Backpack/9318748/product.html?refccid=4NCEXUGUYIFY7VSHKUTGL7FCPE&searchidx=31,1,1,2.0,1,1,412,10,334,5,229.0,0
365,overstock,http://www.overstock.com/de/Home-Garden/High-Torque-1-2-inch-18V-Impact-Wrench/6401284/product.html?refccid=7H4G3SHPTPPKH72ISIDON2VYL4&searchidx=24,1,,,1,1,268,11,0,0,0.0,0
366,overstock,http://www.overstock.com/de/Home-Garden/Simple-Living-Madison-Study-Set/4583329/product.html?refccid=XGI2B47GMRQ3422PYVZZWNQNCQ&searchidx=41,1,78,4.0,1,1,420,6,354,4,452.0,0
367,overstock,http://www.overstock.com/de/Worldstock-Fair-Trade/Cotton-Manaus-Majesty-Hammock-Brazil/6084424/product.html?refccid=KZ6ZK7QPQBH26JSEOY3TL45764&searchidx=46,1,4,4.5,1,1,148,6,287,3,1527.0,0
368,overstock,http://www.overstock.com/de/Baby/White-3-basket-Storage-Bin-Unit/9610382/product.html?refccid=3FHGWQVOL2WJE22OYMDIST75VQ&searchidx=29,1,2,3.0,1,1,342,8,318,5,751.0,0
369,overstock,http://www.overstock.com/de/Worldstock-Fair-Trade/Handcrafted-Jute-Bold-Beauty-Shoulder-Bag-El-Salvador/10203527/product.html?refccid=MCKWD3RJGJCYCP2KYZG3BN3G6E&searchidx=11,1,,,1,1,400,13,397,5,1313.0,0
370,overstock,http://www.overstock.com/de/Clothing-Shoes/Caravelli-Junior-Boys-Navy-Pinstripe-2-piece-Suit/9555166/product.html?refccid=BF3SVFEE4AJJ7BCJXV7K6GZRVU&searchidx=28,1,1,5.0,1,1,402,12,352,6,231.0,0
371,overstock,http://www.overstock.com/de/Clothing-Shoes/Anais-Gvani-Belted-Satchel/7722658/product.html?refccid=ESJNZOCZWCHY6NSAPV3K2BCW2Y&searchidx=9,1,3,4.0,1,1,524,13,366,5,265.0,0
372,overstock,http://www.overstock.com/de/Clothing-Shoes/Nicole-Lee-Tilly-Beaded-Flowers-Satchel-Bag/8771330/product.html?refccid=QHJRBG3E2TPJKG2JBOETLQWUUA&searchidx=32,1,,,1,1,529,13,349,4,225.0,0
373,overstock,http://www.overstock.com/de/Clothing-Shoes/Hot-Optix-Mens-Sport-Sunglasses/9056272/product.html?refccid=3FHMDMFTHSTZFNCCKJYPG35HDU&searchidx=43,1,1,5.0,1,1,353,11,401,7,274.0,0
374,overstock,http://www.overstock.com/de/Home-Garden/Sterling-Modern-Forms-Accent-Table/10605596/product.html?refccid=SL4SHJYPLCIYZY2PNHMROHT4AY&searchidx=6,1,,,1,1,221,7,446,7,227.0,0
375,samsclub,http://www.samsclub.com/sams/variety-pack-juice-8-10-oz/prod6300033.ip,1,,,1,0,0,0,0,0,413.0,0
376,samsclub,http://www.samsclub.com/sams/skyline-chili-no-beans-3-13-oz/160808.ip,1,,,1,1,55,3,0,0,0.0,0
377,samsclub,http://www.samsclub.com/sams/jack-link-s-peppered-beef-jerky-16-oz/prod3140049.ip?subscribe=true&xid=subscribe_shelf_grocery_jerky-meat-snacks,1,,,1,0,0,0,0,0,194.0,0
378,samsclub,http://www.samsclub.com/sams/greenball-transmaster-st175-80r13c/prod3110322.ip?navAction=push,1,,,1,1,0,0,262,12,398.0,0
379,samsclub,http://www.samsclub.com/sams/breakfast-tray/prod11860273.ip?cid=INT_BAKERY_BREAKFASTTRAY,1,,,1,1,0,0,0,0,82.0,0
380,samsclub,http://www.samsclub.com/sams/edsal-commercial-steel-service-cart-16-w-x-30-l-x-3-5-h/prod6710371.ip,1,,,1,1,0,0,0,0,337.0,0
381,samsclub,http://www.samsclub.com/sams/weaver-handi-pak-gourmet-popcorn-50-lb-bulk-pack/prod5440074.ip,1,,,1,1,0,0,0,0,187.0,0
382,samsclub,http://www.samsclub.com/sams/gatorade-variety-pack-12-24oz-bottles/131777.ip?navAction=push,1,,,1,0,52,3,0,0,27.0,0
383,samsclub,http://www.samsclub.com/sams/alera-folding-table-cart/prod2140736.ip?navAction=push,1,,,1,1,0,0,0,0,196.0,0
384,samsclub,http://www.samsclub.com/sams/listerine-total-care-mouthwash-fresh-mint-3-pk/prod1113650.ip,1,,,1,1,0,0,0,0,134.0,0
385,samsclub,http://www.samsclub.com/sams/pamp-sensitive-wipes-808-count/prod14780219.ip?navAction=push,1,,,1,1,228,7,0,0,0.0,0
386,samsclub,http://www.samsclub.com/sams/montecito-ottoman-abbyson-living/prod19440129.ip,1,,,1,0,0,0,0,0,175.0,0
387,samsclub,http://www.samsclub.com/sams/softalk-rotating-360-telephone-cord-detangler-clear-black/182487.ip?navAction=push,1,,,1,1,0,0,0,0,150.0,0
388,samsclub,http://www.samsclub.com/sams/abstract-wall-art/prod18010362.ip,1,,,1,1,0,0,0,0,155.0,0
389,samsclub,http://www.samsclub.com/sams/kitchen-sink-double-bowl/prod18230191.ip?navAction=push,1,,,1,1,0,0,0,0,203.0,0
390,searsoutlet,http://www.searsoutlet.com/-7-Cu-Ft-700W-Microwave-Oven-Stainless-Steel-Front/d/product_details.jsp%3Fmd%3Dct_md%26cid%3D166%26pn%3D1%26ps%3D51%26pid%3D149588&mode=buyNewOnly&itemSelectionType=all,1,0,,1,2,0,0,293,14,247.0,0
391,searsoutlet,http://www.searsoutlet.com/CM-CRAFTSMAN-MULTIMETER/d/product_details.jsp%3Fmd%3Dct_md%26cid%3D8292%26pn%3D1%26ps%3D55%26pid%3D115056&mode=buyUsedOnly&itemSelectionType=all,1,0,,1,2,0,0,0,0,30.0,0
392,searsoutlet,http://www.searsoutlet.com/MRS-Spark-Plug/d/product_details.jsp%3Fmd%3Dct_md%26cid%3D39895%26pn%3D1%26ps%3D118%26pid%3D93914&mode=buyNewOnly&itemSelectionType=all,1,0,,1,2,0,0,232,11,84.0,0
393,searsoutlet,http://www.searsoutlet.com/289pc-Mechanics-Tool-Set-w-3-Drawer-Lift-Top-Chest/d/product_details.jsp%3Fmd%3Dct_md%26cid%3D116%26pn%3D1%26ps%3D134%26pid%3D123112&mode=buyUsedOnly&itemSelectionType=all,1,0,,1,2,0,0,103,5,398.0,0
394,searsoutlet,http://www.searsoutlet.com/5pc-Handle-File-Set/d/product_details.jsp%3Fmd%3Dct_md%26cid%3D6237%26pn%3D1%26ps%3D16%26pid%3D111226&mode=buyUsedOnly&itemSelectionType=all,1,0,,1,2,0,0,154,5,19.0,0
395,searsoutlet,http://www.searsoutlet.com/Craftsman-9-Amp-Electric-Blower/d/product_details.jsp%3Fstxt%3Dlawn+blower%26md%3Dsrh_md%26pn%3D1%26ps%3D25%26pid%3D119682&cid=8092&mode=&itemSelectionType=all,1,0,,1,2,0,0,319,16,420.0,0
396,searsoutlet,http://www.searsoutlet.com/20mm-Wrench-12-pt-Combination/d/product_details.jsp%3Fmd%3Dct_md%26cid%3D8285%26pn%3D1%26ps%3D716%26pid%3D46230&mode=buyNewOnly&itemSelectionType=all,1,0,,1,2,0,0,472,19,338.0,0
397,searsoutlet,http://www.searsoutlet.com/6-in-Lambswool-Bonnet/d/product_details.jsp%3Fmd%3Dct_md%26cid%3D39753%26pn%3D1%26ps%3D266%26pid%3D45328&mode=seeAll&itemSelectionType=all,1,0,,1,2,0,0,0,0,120.0,0
398,searsoutlet,http://www.searsoutlet.com/LED-POCKET-LIGHT/d/product_details.jsp%3Fmd%3Dct_md%26cid%3D8295%26pn%3D1%26ps%3D109%26pid%3D119731&mode=seeAll&itemSelectionType=all,1,0,,1,2,0,0,37,3,181.0,0
399,searsoutlet,https://www.searsoutlet.com/d/store.jsp?Summerfield%20Authorized%20Hometown%20Store&store=3150&md=ct_md&cid=5940,0,0,0,0,0,0,0,0,0,0.0,0
400,searsoutlet,http://www.searsoutlet.com/Indoor-Outdoor-Rug-5ft-x-7ft/d/product_details.jsp%3Fmd%3Dct_md%26cid%3D5987%26pn%3D1%26ps%3D15%26pid%3D143853&mode=buyNewOnly&itemSelectionType=all,1,0,,1,2,0,0,307,14,104.0,0
401,searsoutlet,http://www.searsoutlet.com/On-Ear-Foldable-Headphones-w-Pouch-Black-Red/d/product_details.jsp%3Fmd%3Dct_md%26cid%3D8148%26pn%3D1%26ps%3D137%26pid%3D131918&mode=seeAll&itemSelectionType=all,1,0,,1,2,0,0,152,7,207.0,0
402,searsoutlet,http://www.searsoutlet.com/Highland-Lighted-Side-Table/d/product_details.jsp%3Fstxt%3Daccent+table%26md%3Dsrh_md%26pn%3D1%26ps%3D25%26pid%3D92621&cid=8101&mode=buyUsedOnly&itemSelectionType=all,1,0,,1,2,0,0,418,17,199.0,0
403,searsoutlet,http://www.searsoutlet.com/d/thematic_page.jsp?pgNm=contour-plush-firm-mattress,0,0,0,0,0,0,0,0,0,0.0,0
404,searsoutlet,http://www.searsoutlet.com/Flashlights-Twin-Pack-with-Batteries/d/product_details.jsp%3Fmd%3Dct_md%26cid%3D8295%26pn%3D1%26ps%3D109%26pid%3D20165&mode=buyUsedOnly&itemSelectionType=all,1,0,,1,2,0,0,330,12,71.0,0
405,shop,http://www.shop.com/Momo+Maternity+Lauren+Wool+Blend+Belted+Coat+with+Hood-911590548-p+.xhtml,1,,,1,0,168,5,0,0,265.0,0
406,shop,http://www.shop.com/Pearl+Izumi+2013+14+Womens+Transfer+Lite+Short+Sleeve+Base+Layer+14221101-806401707-p+.xhtml,1,,,1,0,104,5,0,0,395.0,0
407,shop,http://www.shop.com/Augusta+5006A+Ladies+Mission+Sport+Shirt+Cardinal+White+44+Medium-1272496393-p+.xhtml,1,,,1,0,0,0,0,0,471.0,0
408,shop,http://www.shop.com/Augusta+5016A+Ladies+All+Conference+Sport+Shirt+Extra+Large+44+Red+White-1265247301-p+.xhtml,1,,,1,0,0,0,0,0,538.0,0
409,shop,http://www.shop.com/Frye+Womens+Campus+14L+14+Boot+Brown-1067935796-p+.xhtml,1,,,1,0,0,0,0,0,550.0,0
410,shop,http://www.shop.com/Nine+West+A+Comeback+Women+Leather+Knee+High+Boot-898551355-p+.xhtml,1,,,1,0,0,0,0,0,210.0,0
411,shop,http://www.shop.com/Badger+8344+Ladies+Hook+Polo+Maroon+White+44+2XL-1340993507-p+.xhtml,1,,,1,0,0,0,0,0,173.0,0
412,shop,http://www.shop.com/Fiel+Nantasket+Women+Open+Toe+Leather+Slingback+Heel-1302274496-p+.xhtml,1,,,1,0,0,0,0,0,213.0,0
413,shop,http://www.shop.com/Womens+Jerome+C+Rousseau+Sweet+Peep+Toe+Pump+Heels+Black+Patent-1292952210-p+.xhtml,1,,,1,0,85,4,0,0,105.0,0
414,shop,http://www.shop.com/Scully+PL+654+BLK+M+Womens+Western+Shirt+Black+44+Medium-1289442371-p+.xhtml,1,,,1,0,0,0,0,0,337.0,0
415,shop,http://www.shop.com/Next+Level+Apparel+3300L+Ladies+Short+Sleeve+T+Shirt+44+Tahiti+Blue+44+Large-1327039582-p+.xhtml,1,,,1,0,0,0,0,0,429.0,0
416,shop,http://www.shop.com/Nine+West+Womens+Howley+Leather+Black+Ankle+High+Leather+Pump+6+5M-1371988928-p+.xhtml,1,,,1,0,0,0,0,0,420.0,0
417,shop,http://www.shop.com/Augusta+5097A+Ladies+Wicking+Mesh+Sport+Shirt+44+Black+3X-1265260452-p+.xhtml,1,,,1,0,0,0,0,0,404.0,0
418,shop,http://www.shop.com/Stetson+Western+Denim+Jeans+Womens+816+Fit+Royal+11+054+0816+0721+BU-930775617-p+.xhtml,1,,,1,0,0,0,0,0,532.0,0
419,shop,http://www.shop.com/Augusta+5006A+Ladies+Mission+Sport+Shirt+Black+White+44+Large-1272425198-p+.xhtml,1,,,1,0,0,0,0,0,463.0,0
420,target,http://intl.target.com/p/get-the-essentials-suncare-made-simple/-/A-14584560,1,,,0,0,0,0,0,0,0.0,0
421,target,http://intl.target.com/p/lysol-no-mess-max-automatic-toilet-bowl-cleaner-ocean-1-ct/-/A-15047129,1,,,1,0,0,0,0,0,0.0,0
422,target,http://intl.target.com/p/tampax-pearl-active-light-regular-super-multipak-36-count/-/A-15169619,1,,,1,0,0,0,0,0,334.0,0
423,target,http://intl.target.com/p/mix-match-shelves/-/A-14578519,1,,,1,0,0,0,0,0,0.0,0
424,target,http://intl.target.com/p/toddler-boys-paw-patrol-striped-t-shirt-black/-/A-16835427,1,,,1,0,0,0,0,0,474.0,0
425,target,http://intl.target.com/p/eddie-bauer-classic-3-in-1-wood-high-chair/-/A-14892354,1,,,1,0,0,0,0,0,476.0,0
426,target,http://intl.target.com/p/revlon-photoready-3d-volume-mascara/-/A-13940878,1,,,1,0,0,0,0,0,105.0,0
427,target,http://intl.target.com/p/gerber-organic-lil-crunchies-white-cheddar-1-48-oz/-/A-14783282,1,,,1,0,0,0,0,0,0.0,0
428,target,http://intl.target.com/p/gillette-foamy-shave-cream-regular-2-oz/-/A-13356786,1,,,1,0,0,0,0,0,0.0,0
429,target,http://intl.target.com/p/world-map-wall-mural-8-8-x13-0/-/A-10619933,1,,,1,0,0,0,0,0,216.0,0
430,target,http://intl.target.com/p/kenroy-metalsmith-1-light-pendant/-/A-15900939,1,,,1,0,0,0,0,0,536.0,0
431,target,http://intl.target.com/p/art-com-magical-forest/-/A-14710090,1,,,1,0,0,0,0,0,199.0,0
432,target,http://intl.target.com/p/huggies-wipes-simply-clean-fresh-3x-soft-pack-rft-3-72ct/-/A-24007622,1,,,1,0,0,0,0,0,0.0,0
433,target,http://intl.target.com/p/trim-eyelash-curler-2-pk/-/A-11058476,1,,,1,0,0,0,0,0,0.0,0
434,target,http://intl.target.com/p/pantene-pro-v-full-and-strong-shampoo-12-6-fl-oz/-/A-17078632,1,,,1,0,0,0,0,0,831.0,0
435,techspot,http://www.techspot.com/products/keyboards/brydge-plus.92418/,1,9,78,1,0,546,5,0,0,14.0,0
436,techspot,http://www.techspot.com/products/cooling/cooltek-coolforce-2.48060/,1,,,1,0,141,9,0,0,0.0,0
437,techspot,http://www.techspot.com/products/desktop-pcs/boston-3dboxx-8550-xtreme-workstation.48799/,1,,,1,0,141,9,0,0,0.0,0
438,techspot,http://www.techspot.com/products/speakers/logitech-z-906.46108/,1,15,78,1,0,141,9,0,0,254.0,0
439,techspot,http://www.techspot.com/downloads/5656-safeip/similar/,1,,,0,0,141,9,0,0,0.0,0
440,techspot,http://www.techspot.com/products/graphics-cards/asus-geforce-gtx-760-directcu-2-oc-2gb-gddr5-pcie-gtx760-dc2oc-2gd5.103054/,1,5,80,1,0,141,9,0,0,0.0,0
441,techspot,http://www.techspot.com/products/printers/lexmark-x464de.50562/,1,,,1,0,141,9,0,0,0.0,0
442,techspot,http://www.techspot.com/products/speakers/divoom-xforce-1.46027/,1,,,1,0,141,9,0,0,0.0,0
443,techspot,http://www.techspot.com/products/laptops/lenovo-ideapad-g700-series.96436/,1,,,1,0,149,2,0,0,14.0,0
444,techspot,http://www.techspot.com/products/keyboards/fujitsu-lx900.6991/,1,,,1,0,141,9,0,0,0.0,0
445,techspot,http://www.techspot.com/products/laptops/hp-pavilion-17-series.96110/,1,,,1,0,108,5,0,0,14.0,0
446,techspot,http://www.techspot.com/products/mice/minicute-drift-x-motormouse-wireless-24g-pc.45466/,1,,,1,0,141,9,0,0,0.0,0
447,techspot,http://www.techspot.com/products/cases/cooler-master-silencio-352.96935/,1,6,80,1,0,141,9,0,0,0.0,0
448,techspot,http://www.techspot.com/products/monitors/viewsonic-vp2765-led.82354/,1,12,69,1,0,134,2,0,0,14.0,0
449,techspot,http://www.techspot.com/products/speakers/creative-soundblaster-free-portable-speaker.127298/,1,8,68,0,0,141,9,0,0,0.0,0
450,tesco,http://www.tesco.com/direct/clothing-jewellery/all-rings/cat22050032.cat?catId=4294743442+4294776728,0,0,0,0,0,0,0,0,0,0.0,0
451,tesco,http://www.tesco.com/direct/clearance-electrical.event?catId=4294875653,0,0,0,0,0,0,0,0,0,0.0,0
452,tesco,http://www.tesco.com/direct/holy-mackerel-greeting-card-christmas-card-fred-ready-for-carol-singers/753-8835.prd?pageLevel=&skuId=753-8835,1,,,1,0,0,0,104,5,158.0,0
453,tesco,http://www.tesco.com/direct/tesco-wire-towel-hanging-hooks/116-2530.prd?pageLevel=&skuId=116-2530,1,,,1,0,0,0,308,11,288.0,0
454,tesco,http://www.tesco.com/direct/20-multi-finish-mini-red-christmas-bauble-decorations-in-star-shaped-box/245-8313.prd?pageLevel=&skuId=245-8313,1,,,1,0,0,0,43,2,169.0,0
455,tesco,http://www.tesco.com/direct/davidoff-adventure-eau-de-toilette/767-7953.prd?pageLevel=&skuId=265-8923,1,,,1,0,0,0,81,4,195.0,0
456,tesco,http://www.tesco.com/direct/home/clocks/cat3375509.cat?icid=homedecor_navstamp_slot6,0,0,0,0,0,0,0,0,0,0.0,0
457,tesco,http://www.tesco.com/direct/5ft-fibre-optic-saturn-tree-with-ice-white-leds/319-3417.prd?pageLevel=&skuId=319-3417,1,,,1,0,0,0,246,9,94.0,0
458,tesco,http://www.tesco.com/direct/gucci-made-to-measure-eau-de-toilette-edt-for-men/685-5996.prd?pageLevel=&skuId=389-4236,1,,,1,0,0,0,79,4,124.0,0
459,tesco,http://www.tesco.com/direct/party-gifts/shop-by-personality/cat33170008.cat?icid=gifting_personality_seeall,0,0,0,0,0,0,0,0,0,0.0,0
460,tesco,http://www.tesco.com/direct/technology-gaming/dab-radio/cat3373630.cat?icid=tech_audio_slot4,0,0,0,0,0,0,0,0,0,0.0,0
461,tesco,http://www.tesco.com/direct/blackdecker-gs2400-quiet-shredder/204-2432.prd?pageLevel=&skuId=204-2432,1,,,1,0,0,0,360,12,498.0,0
462,tesco,http://www.tesco.com/direct/mercia-8x6-overlap-apex-shed/200-4251.prd?pageLevel=&promoId=promo34470056&skuId=200-4251,1,,,1,1,0,0,716,24,776.0,0
463,tesco,http://www.tesco.com/direct/waterfly-anti-verruca-latex-swimming-sock-size-xs-xl/273-5567.prd?pageLevel=&showRvSkuImage=true&rvSku=246-5848&selectedVariantValue=White,1,,,1,0,0,0,235,11,86.0,0
464,tesco,http://www.tesco.com/direct/party-gifts/cookery-gifts/cat33170022.cat?catId=4294748906,0,0,0,0,0,0,0,0,0,0.0,0
465,walmart,http://www.walmart.com/ip/Wrapped-Leaf-Pipe-Sham-for-Wood-Stove-Pipe/39699839,1,,0.0,1,0,0,0,32,1,0.0,0
466,walmart,http://www.walmart.com/ip/Pearl-Mantels-Devonshire-Traditional-Fireplace-Mantel-Shelf/17439316,1,3,4.5,1,0,436,6,50,2,0.0,0
467,walmart,http://www.walmart.com/ip/Arcadia-Garden-Products-Traditional-Plastic-Urn/22644645,1,,0.0,1,0,259,0,32,1,0.0,0
468,walmart,http://www.walmart.com/ip/Maxpower-Precision-Parts-399959-Briggs-and-Stratton-Air-Filter/19241602?action=product_interest&action_type=title&item_id=19241602&placement_id=irs-2-b1&strategy=PWVAV&visitor_id&category=&client_guid=798d6392-fae0-49ed-8edc-f8c8e2916279&customer_id_enc&config_id=2&parent_item_id=16778638&parent_anchor_item_id=16778638&guid=3d268058-533c-4040-8c90-830d7e9701f9&bucket_id=irsbucketdefault&beacon_version=1.0.1&findingMethod=p13n,1,2,3.0,1,0,162,4,189,6,0.0,0
469,walmart,http://www.walmart.com/ip/Vicks-V1200-6-Personal-Steam-Inhaler-Adjustable-Steam-Output-Soft-Hood-White/878663?action=product_interest&action_type=title&item_id=878663&placement_id=irs-2-m3&strategy=TIC&visitor_id&category=&client_guid=e011a095-d8e3-4b78-af28-737b1bcb11f1&customer_id_enc&config_id=2&parent_item_id=21348351&parent_anchor_item_id=21348351&guid=93f8b571-363a-4daa-b3b9-b315193b2d1b&bucket_id=irsbucketdefault&beacon_version=1.0.1&findingMethod=p13n,1,8,3.0,1,0,430,5,184,6,0.0,0
470,walmart,http://www.walmart.com/browse/home-improvement/heating/1072864_133032_1161932?cat_id=1072864_133032_1161932&facet=brand:DuraVent%7C%7Cbrand:Dimplex,0,,,0,0,0,0,0,0,0.0,0
471,walmart,http://www.walmart.com/ip/3-Story-Fire-Escape-Ladder/39424778?action=product_interest&action_type=title&item_id=39424778&placement_id=irs-2-b2&strategy=SMT&visitor_id&category=&client_guid=330e3879-3d00-443c-81bb-d66a847699c7&customer_id_enc&config_id=2&parent_item_id=27003556&parent_anchor_item_id=27003556&guid=cf70326a-3174-46fd-a448-62a9fb59ea05&bucket_id=irsbucketdefault&beacon_version=1.0.1&findingMethod=p13n,1,,0.0,1,0,0,0,33,1,0.0,0
472,walmart,http://www.walmart.com/ip/LOUISVILLE-AS4005-Stepladder-Alum-5-ft.-225-lb.-G7468666/43057980?action=product_interest&action_type=title&item_id=43057980&placement_id=irs-2-m3&strategy=PWVUB&visitor_id&category=&client_guid=e8cfef74-2154-44ae-8cb8-10b8edf71591&customer_id_enc&config_id=2&parent_item_id=34744295&parent_anchor_item_id=34744295&guid=dce7bc6c-e52f-4802-b310-a2622111ac4f&bucket_id=irsbucketdefault&beacon_version=1.0.1&findingMethod=p13n,1,,0.0,1,0,406,11,33,1,0.0,0
473,walmart,http://www.walmart.com/ip/Nature-Power-Nature-Power-Stainless-Steel-Solar-Pathway-Light-Set-of-4/36982434?action=product_interest&action_type=title&item_id=36982434&placement_id=irs-2-b2&strategy=SMT&visitor_id&category=&client_guid=e42560be-6345-45da-901f-eda03078d9fe&customer_id_enc&config_id=2&parent_item_id=36787559&parent_anchor_item_id=36787559&guid=e656b3dc-07e3-4011-9f34-a98855067ee9&bucket_id=irsbucketdefault&beacon_version=1.0.1&findingMethod=p13n,1,,0.0,1,0,470,6,32,1,0.0,0
474,walmart,http://www.walmart.com/ip/Good-Ideas-Recycled-55-Gallon-Big-Blue-Plastic-Rain-Barrel/17431220?action=product_interest&action_type=title&item_id=17431220&placement_id=irs-2-b1&strategy=PWVAV&visitor_id&category=&client_guid=e895e537-985a-4e19-8c3e-a2e98c38a8d9&customer_id_enc&config_id=2&parent_item_id=11988160&parent_anchor_item_id=11988160&guid=65ebd8c7-8b35-4e1b-909d-9ae6e535a0f7&bucket_id=irsbucketdefault&beacon_version=1.0.1&findingMethod=p13n,1,5,3.0,1,0,636,9,194,6,0.0,0
475,walmart,http://www.walmart.com/ip/Great-Value-GVRLAO1827D-Great-Value-LED-18W-Omni-Directional-Dimmable-Light-Bulb/38591385?action=product_interest&action_type=title&item_id=38591385&placement_id=irs-2-m3&strategy=PWVUB&visitor_id&category=&client_guid=e93665ab-f430-4641-8e10-3303ff340ce1&customer_id_enc&config_id=2&parent_item_id=25524359&parent_anchor_item_id=25524359&guid=7829908d-a6e9-4349-9d74-4835a9bcff00&bucket_id=irsbucketdefault&beacon_version=1.0.1&findingMethod=p13n,1,8,2.0,1,0,969,17,128,4,0.0,0
476,walmart,http://www.walmart.com/ip/Suncast-4-Panel-Raised-Garden-Bed-Kit/17463637?action=product_interest&action_type=title&item_id=17463637&placement_id=irs-2-m3&strategy=PWVUB&visitor_id&category=&client_guid=8d4c11f5-59e0-4fa4-918e-6b0f4b35b2d8&customer_id_enc&config_id=2&parent_item_id=20904026&parent_anchor_item_id=20904026&guid=50554fa3-d63e-40d9-86a7-f5a55fb16d29&bucket_id=irsbucketdefault&beacon_version=1.0.1&findingMethod=p13n,1,,0.0,1,0,670,9,33,1,0.0,0
477,walmart,http://www.walmart.com/ip/Qualcraft-Industries-2470-Ladder-Corner-Stabilizer/21272033?action=product_interest&action_type=title&item_id=21272033&placement_id=irs-2-b2&strategy=SMT&visitor_id&category=&client_guid=4b1269d7-696f-42bd-9e8b-63a272d94a84&customer_id_enc&config_id=2&parent_item_id=40727511&parent_anchor_item_id=40727511&guid=a337692a-33c3-44d4-a813-5e78ea69ab8a&bucket_id=irsbucketdefault&beacon_version=1.0.1&findingMethod=p13n,1,,0.0,1,0,0,0,33,1,0.0,0
478,walmart,http://www.walmart.com/browse/home-improvement/heating/1072864_133032_1161932?cat_id=1072864_133032_1161932&facet=special_offers:Price%20at%20Checkout%7C%7Cspecial_offers:Clearance,0,,,0,0,0,0,0,0,0.0,0
479,walmart,http://www.walmart.com/ip/WERNER-AC10-20-03-Ladder-Jack-Spans-3-Rungs-G6188883/41331514?action=product_interest&action_type=title&item_id=41331514&placement_id=irs-2-b2&strategy=SMT&visitor_id&category=&client_guid=8c042e0f-79a4-4ca7-9f0c-25a4e21fd48c&customer_id_enc&config_id=2&parent_item_id=22125280&parent_anchor_item_id=22125280&guid=3c0eb232-4a4d-45a8-9f49-6ce0f333296b&bucket_id=irsbucketdefault&beacon_version=1.0.1&findingMethod=p13n,1,,0.0,1,0,74,2,34,1,0.0,0
